-- phpMyAdmin SQL Dump
-- version 5.0.2
-- https://www.phpmyadmin.net/
--
-- Hôte : 127.0.0.1:3306
-- Généré le : sam. 27 mars 2021 à 21:33
-- Version du serveur :  8.0.21
-- Version de PHP : 7.4.9

SET SQL_MODE = "NO_AUTO_VALUE_ON_ZERO";
START TRANSACTION;
SET time_zone = "+00:00";


/*!40101 SET @OLD_CHARACTER_SET_CLIENT=@@CHARACTER_SET_CLIENT */;
/*!40101 SET @OLD_CHARACTER_SET_RESULTS=@@CHARACTER_SET_RESULTS */;
/*!40101 SET @OLD_COLLATION_CONNECTION=@@COLLATION_CONNECTION */;
/*!40101 SET NAMES utf8mb4 */;

--
-- Base de données : `francecam`
--

-- --------------------------------------------------------

--
-- Structure de la table `camera`
--

DROP TABLE IF EXISTS `camera`;
CREATE TABLE IF NOT EXISTS `camera` (
  `id` int NOT NULL AUTO_INCREMENT,
  `marque_id` int DEFAULT NULL,
  `modele_id` int DEFAULT NULL,
  PRIMARY KEY (`id`),
  KEY `IDX_3B1CEE054827B9B2` (`marque_id`),
  KEY `IDX_3B1CEE05AC14B70A` (`modele_id`)
) ENGINE=InnoDB AUTO_INCREMENT=4 DEFAULT CHARSET=utf8mb4 COLLATE=utf8mb4_unicode_ci;

--
-- Déchargement des données de la table `camera`
--

INSERT INTO `camera` (`id`, `marque_id`, `modele_id`) VALUES
(1, 3, 12),
(2, 7, 11),
(3, 7, 9);

-- --------------------------------------------------------

--
-- Structure de la table `director`
--

DROP TABLE IF EXISTS `director`;
CREATE TABLE IF NOT EXISTS `director` (
  `id` int NOT NULL AUTO_INCREMENT,
  `name` varchar(255) COLLATE utf8mb4_unicode_ci NOT NULL,
  PRIMARY KEY (`id`)
) ENGINE=InnoDB AUTO_INCREMENT=3891 DEFAULT CHARSET=utf8mb4 COLLATE=utf8mb4_unicode_ci;

--
-- Déchargement des données de la table `director`
--

INSERT INTO `director` (`id`, `name`) VALUES
(2, 'Harry d\'Abbadie d\'Arrast'),
(3, 'Karim Abbou'),
(4, 'Olivier Abbou'),
(5, 'Mogniss H. Abdallah'),
(6, 'Namir Abdel Messeeh'),
(7, 'François Abou Salem'),
(8, 'David Aboucaya'),
(9, 'Hafid Aboulahyane'),
(10, 'Marcel Aboulker'),
(11, 'François About'),
(12, 'Julien Abraham'),
(13, 'Claude Accursi'),
(14, 'Jean Achache'),
(15, 'Laurent Achard'),
(16, 'Marcel Achard'),
(17, 'Steve Achiepo'),
(18, 'Christophe Acker'),
(19, 'Jean-François Adam'),
(20, 'Alain Ade'),
(21, 'Elvis Adidiema'),
(22, 'Marc Adjadj'),
(23, 'Gilles Adrien'),
(24, 'Jean Afanassieff'),
(25, 'Edmond Agabra'),
(26, 'Gabriel Aghion'),
(27, 'Philippe Agostini'),
(28, 'Christophe Agou'),
(29, 'Ayres d\'Aguiar'),
(30, 'Bruno Aguila'),
(31, 'Wil Aime'),
(32, 'Henri Aisner'),
(33, 'Naïm Aït-Sidhoum'),
(34, 'Alexandre Aja'),
(35, 'Pierre Aknine'),
(36, 'Feurat Alani'),
(37, 'David Alaux'),
(38, 'Nicolas Alberny'),
(39, 'Didier Albert'),
(40, 'Jean-Gabriel Albicocco'),
(41, 'José Alcala'),
(42, 'Jean Alden-Delos'),
(43, 'Patrick Alessandrin'),
(44, 'Alex and Martin'),
(45, 'Alexandre Alexeïeff'),
(46, 'Christophe Ali'),
(47, 'Aliocha'),
(48, 'Abdulla Alkaabi'),
(49, 'Stéphane Allagnon'),
(50, 'Marc Allégret'),
(51, 'Yves Allégret'),
(52, 'Rémi Allier'),
(53, 'René Allio'),
(54, 'Simon Allix'),
(55, 'Stéphane Allix'),
(56, 'Noël Alpi'),
(57, 'Germinal Alvarez'),
(58, 'Ruben Alves'),
(59, 'François Amado'),
(60, 'Gilles Amado'),
(61, 'Mathieu Amalric'),
(62, 'Nassim Amaouche'),
(63, 'Denis Amar'),
(64, 'Jorge Amat'),
(65, 'Patrice Ambard'),
(66, 'Jean-Pierre Améris'),
(67, 'Guilhem Amesland'),
(68, 'Rabah Ameur-Zaïmeche'),
(69, 'Yves Amoureux'),
(70, 'Amro Hamzawi'),
(71, 'David André'),
(72, 'Raoul André'),
(73, 'Jean-Baptiste Andrea'),
(74, 'Henri Andréani'),
(75, 'Frédéric Andréi'),
(76, 'Yannick Andréi'),
(77, 'Marc Andréoni'),
(78, 'Jean-Paul Andrieu'),
(79, 'Michel Andrieu'),
(80, 'Claude Andrieux'),
(81, 'Roger Andrieux'),
(82, 'Marc Angelo'),
(83, 'Yves Angelo'),
(84, 'Cédric Anger'),
(85, 'Josza Anjembe'),
(86, 'Claude d\'Anna'),
(87, 'Jean-Jacques Annaud'),
(88, 'André Annosse'),
(89, 'Antoine de Bujadoux'),
(90, 'Antoine Viviani'),
(91, 'André Antoine'),
(92, 'Patrick Antoine'),
(93, 'Franck Appréderis'),
(94, 'Philippe Aractingi'),
(95, 'Arcady'),
(96, 'Alexandre Arcady'),
(97, 'George Archainbaud'),
(98, 'Jean Archimbaud'),
(99, 'Stéphan Archinard'),
(100, 'Christian Ardan'),
(101, 'Michel Ardan'),
(102, 'Jacques Ardouin'),
(103, 'Pierre Armand'),
(104, 'François Armanet'),
(105, 'Philippe Arnal'),
(106, 'Étienne Arnaud'),
(107, 'Pascal Arnold'),
(108, 'Stéphane Arnoux'),
(109, 'Christian-Paul Arrighi'),
(110, 'Jean Arroy'),
(111, 'Bertrand Arthuys'),
(112, 'Philippe Arthuys'),
(113, 'Olivier Assayas'),
(114, 'Noel Assolo'),
(115, 'Éric Assous'),
(116, 'Alexandre Astier'),
(117, 'Alexandre Astruc'),
(118, 'Éric Atlan'),
(119, 'Yvan Attal'),
(120, 'Stéphan Aubé'),
(121, 'Benoît d\'Aubert'),
(122, 'Pascal Aubier'),
(123, 'Jean-Jacques Aublanc'),
(124, 'Bernard Aubouy'),
(125, 'Frédéric Auburtin'),
(126, 'Michel Auder'),
(127, 'Jacques Audiard'),
(128, 'Michel Audiard'),
(129, 'Jacques Audoir'),
(130, 'Gabriel Auer'),
(131, 'Thomas Aufort'),
(132, 'Pascal Auger'),
(133, 'Erwan Augoyard'),
(134, 'Jean-Claude Aumont'),
(135, 'Jean Aurel'),
(136, 'Patrick Aurignac'),
(137, 'Tristan Aurouet'),
(138, 'Claude Autant-Lara'),
(139, 'Daniel Auteuil'),
(140, 'Serge Avédikian'),
(141, 'Bruno Aveillan'),
(142, 'Jean-Christophe Averty'),
(143, 'Olivier Ayache-Vidal'),
(144, 'Kader Ayd'),
(145, 'Gaël Aymon'),
(146, 'Hicham Ayouch'),
(147, 'Olivier Azam'),
(148, 'Marc Azéma'),
(149, 'Iradj Azimi'),
(150, 'Sélim Azzazi'),
(151, 'Olivier Babinet'),
(152, 'Babor Lelefan'),
(153, 'Dominic Bachy'),
(154, 'Pierre Badel'),
(155, 'Abdallah Badis'),
(156, 'Édouard Baer'),
(157, 'Pascal Baeumler'),
(158, 'Laurent Baffie'),
(159, 'Abdelkrim Bahloul'),
(160, 'Tony Baillargeat'),
(161, 'Julien Baillargeon'),
(162, 'Lionel Bailliu'),
(163, 'Raymond Bailly'),
(164, 'Sébastien Bailly'),
(165, 'Edwin Baily'),
(166, 'Richard Balducci'),
(167, 'Frédéric Balekdjian'),
(168, 'Thomas Balmès'),
(169, 'Gilles Bannier'),
(170, 'Alain Baptizet'),
(171, 'Philippe Baqué'),
(172, 'Christian Barani'),
(173, 'Philippe Barassat'),
(174, 'François Barat'),
(175, 'Jacques Baratier'),
(176, 'Paul Barba-Negra'),
(177, 'Marc Barbé'),
(178, 'Patrick Barbéris'),
(179, 'René Barberis'),
(180, 'Geoffroy Barbet Massin'),
(181, 'Benoît Barbier'),
(182, 'Christophe Barbier'),
(183, 'Éric Barbier'),
(184, 'Olias Barco'),
(185, 'Serge Bard'),
(186, 'Georges Bardawil'),
(187, 'Denis Bardiau'),
(188, 'Thomas Bardinet'),
(189, 'Matthieu Bareyre'),
(190, 'Fred Bargain'),
(191, 'Albert Barillé'),
(192, 'Jean-Michel Barjol'),
(193, 'Claude Barma'),
(194, 'Olivier Barma'),
(195, 'Pierre Barnérias'),
(196, 'François Barnole'),
(197, 'Jean-Claude Barny'),
(198, 'Jacques de Baroncelli'),
(199, 'Jean Baronnet'),
(200, 'Olivier Baroux'),
(201, 'Jean-Marc Barr'),
(202, 'Jean Barral'),
(203, 'Marc Barrat'),
(204, 'Christophe Barratier'),
(205, 'Antoine Barraud'),
(206, 'Christophe Barraud'),
(207, 'Jonathan Barré'),
(208, 'Jean-Marie Barrère'),
(209, 'Renaud Barret'),
(210, 'Georges Barrier'),
(211, 'Charles Barrois'),
(212, 'Claude Barrois'),
(213, 'Maurice Barry'),
(214, 'Rodolphe Barry'),
(215, 'André Barsacq'),
(216, 'Bartabas'),
(217, 'Maurice Barthélemy'),
(218, 'Thierry Barthes'),
(219, 'Jean-François Barthod'),
(220, 'Laurent de Bartillat'),
(221, 'Léon Bary'),
(222, 'Nicolas Bary'),
(223, 'Paolo Barzman'),
(224, 'Hervé Baslé'),
(225, 'Alain Basnier'),
(226, 'Raphaël Bassan'),
(227, 'Rinaldo Bassi'),
(228, 'Antarès Bassis'),
(229, 'Ange Basterga'),
(230, 'Jean Bastia'),
(231, 'Jean-Pierre Bastid'),
(232, 'Rémy Batteault'),
(233, 'Stéphane Batut'),
(234, 'Jean-Marc Baude'),
(235, 'Antonin Baudry'),
(236, 'Pierre Baudry'),
(237, 'Ralph Baum'),
(238, 'Richard Bean'),
(239, 'Guy Beauché'),
(240, 'Robert Beaudoin'),
(241, 'Éric Beauducel'),
(242, 'Jérôme Beaujour'),
(243, 'Frank Beauvais'),
(244, 'Yann Beauvais'),
(245, 'Xavier Beauvois'),
(246, 'Pierre Beccu'),
(247, 'Hugo Becker'),
(248, 'Jacques Becker'),
(249, 'Jean Becker'),
(250, 'Georges Bécot'),
(251, 'Laurent Bécue-Renard'),
(252, 'Ramzy Bedia'),
(253, 'Nicolas Bedos'),
(254, 'Gilles Béhat'),
(255, 'Homeïda Behi'),
(256, 'Frédéric Beigbeder'),
(257, 'Alain Beigel'),
(258, 'Jean-Jacques Beineix'),
(259, 'François Bel'),
(260, 'Jean-Louis van Belle'),
(261, 'Frank Bellocq'),
(262, 'Charles Belmont'),
(263, 'Michel Béna'),
(264, 'Florian Benac'),
(265, 'Nicolas Benamou'),
(266, 'Mohamed Benayat'),
(267, 'Robert Benayoun'),
(268, 'José Bénazéraf'),
(269, 'Samuel Benchetrit'),
(270, 'Laurent Bénégui'),
(271, 'Jean-Patrick Benes'),
(272, 'Paul Robin Benhaioun'),
(273, 'Fouad Benhammou'),
(274, 'Dominique Benicheti'),
(275, 'Jean-Marie Benjamin'),
(276, 'Daniel Benoin'),
(277, 'Jean Benoit-Lévy'),
(278, 'Antoine Benoit'),
(279, 'Georges Benoît'),
(280, 'Jean-Louis Benoît'),
(281, 'Norbert Benoit'),
(282, 'Djamel Bensalah'),
(283, 'Edmond Bensimon'),
(284, 'Georges Bensoussan'),
(285, 'Philippe Bensoussan'),
(286, 'Farid Bentoumi'),
(287, 'Arthur Benzaquen'),
(288, 'Hervé Bérard'),
(289, 'Luc Béraud'),
(290, 'Alain Berberian'),
(291, 'Jean-Louis Berdot'),
(292, 'Philippe Bérenger'),
(293, 'Alain Bergala'),
(294, 'Édouard Bergeon'),
(295, 'Daniel Berger'),
(296, 'Théo Bergerat'),
(297, 'Éric Bergeron'),
(298, 'Ludovic Bergery'),
(299, 'Michel Bernheim'),
(300, 'Slimane-Baptiste Berhoun'),
(301, 'Claude Bernard-Aubert'),
(302, 'Jean Bernard-Derosne'),
(303, 'Dominique Bernard-Deschamps'),
(304, 'Florent Bernard'),
(305, 'Luc Bernard'),
(306, 'Ludovic Bernard'),
(307, 'Patrick Mario Bernard'),
(308, 'Raymond Bernard'),
(309, 'Maurice Bernart'),
(310, 'Michel Berny'),
(311, 'Jacques Berr'),
(312, 'Claude Berri'),
(313, 'Yann Berriet'),
(314, 'Thierry Berrod'),
(315, 'Arny Berry'),
(316, 'Dennis Berry'),
(317, 'Richard Berry'),
(318, 'Stéphane Berry'),
(319, 'Frédéric Berthe'),
(320, 'Jacques Berthier'),
(321, 'Ludovic Berthillot'),
(322, 'Jean Bertho'),
(323, 'André Berthomieu'),
(324, 'Jean Bertin'),
(325, 'Stéphane Bertin'),
(326, 'Renaud Bertrand'),
(327, 'Jean-Louis Bertuccelli'),
(328, 'Béruchet'),
(329, 'Éric Besnard'),
(330, 'Jacques Besnard'),
(331, 'Hubert Besson'),
(332, 'Luc Besson'),
(333, 'Sébastien Betbeder'),
(334, 'Isidore Bethel'),
(335, 'Pierre Beuchot'),
(336, 'Romuald Beugnon'),
(337, 'Alain Bévérini'),
(338, 'Rémi Bezançon'),
(339, 'Martial Bezot'),
(340, 'Bruno Bianchi'),
(341, 'Robert Bibal'),
(342, 'Antonin Bideau'),
(343, 'Thomas Bidegain'),
(344, 'Klaus Biedermann'),
(345, 'Ugo Bienvenu'),
(346, 'Christophe Bier'),
(347, 'Jean-Claude Biette'),
(348, 'Jean-Marie Bigard'),
(349, 'Enki Bilal'),
(350, 'Jean-Yves Bilien'),
(351, 'Pierre Billard'),
(352, 'Pierre Billon'),
(353, 'Yves Billon'),
(354, 'Mickaël Bimboes'),
(355, 'Thierry Binisti'),
(356, 'Jeanne Biras'),
(357, 'Jean-Jacques Birgé'),
(358, 'Nicolas Birkenstock'),
(359, 'Éric Bitoun'),
(360, 'Charles Bitsch'),
(361, 'Gérard Bitton'),
(362, 'Didier Bivel'),
(363, 'Gérard Blain'),
(364, 'Cédric Blaisbois'),
(365, 'Patrice Blanc-Francard'),
(366, 'Alain-Michel Blanc'),
(367, 'Christophe Blanc'),
(368, 'Guy Blanc'),
(369, 'Jean-Pierre Blanc'),
(370, 'Michel Blanc'),
(371, 'Roger Blanc'),
(372, 'Dominique-Emmanuel Blanchard'),
(373, 'Séverin Blanchet'),
(374, 'Didier Blasco'),
(375, 'Bertrand Blier'),
(376, 'Marcel Blistène'),
(377, 'Stef Bloch'),
(378, 'Lucien Blondeau'),
(379, 'Pierre Blondy'),
(380, 'Antoine Blossier'),
(381, 'Frédéric Blum'),
(382, 'Marcel Bluwal'),
(383, 'Robert Bober'),
(384, 'Jacques Bobet'),
(385, 'Édouard Bobrowski'),
(386, 'Dominique Boccarossa'),
(387, 'Olivier Bohler'),
(388, 'Richard Bohringer'),
(389, 'Laurent Boileau'),
(390, 'Richard Bois'),
(391, 'Michel Boisrond'),
(392, 'Yves Boisset'),
(393, 'Claude Boissol'),
(394, 'Jérôme Boivin'),
(395, 'Patrick Bokanowski'),
(396, 'Jean-Louis Bompoint'),
(397, 'Jean-Denis Bonan'),
(398, 'Nicolas Bonilauri'),
(399, 'Pascal Bonitzer'),
(400, 'Emmanuel Bonn'),
(401, 'Claude-Jean Bonnardot'),
(402, 'Jérôme Bonnell'),
(403, 'Bertrand Bonello'),
(404, 'Christian Bonnet'),
(405, 'Stéphane Bonnet'),
(406, 'Théodore Bonnet'),
(407, 'Alain Bonnot'),
(408, 'Bruno Bontzolakis'),
(409, 'Bernie Bonvoisin'),
(410, 'Dany Boon'),
(411, 'Bernard Borderie'),
(412, 'Philipe Bordier'),
(413, 'Tristan Bordmann'),
(414, 'James Bort'),
(415, 'Thierry Boscheron'),
(416, 'Michel Boschet'),
(417, 'Romeo Bosetti'),
(418, 'Patrick Bossard'),
(419, 'Gilles Botineau'),
(420, 'Mosco Boucault'),
(421, 'Rachid Bouchareb'),
(422, 'Jean-Louis Bouchaud'),
(423, 'Pascal Boucher'),
(424, 'Patrick Bouchitey'),
(425, 'Louis-Jacques Boucot'),
(426, 'Omer Boucquey'),
(427, 'Tarek Boudali'),
(428, 'Alain Boudet'),
(429, 'Robert Boudrioz'),
(430, 'Allain Bougrain-Dubourg'),
(431, 'Laurent Bouhnik'),
(432, 'Jean-Michel Bouhours'),
(433, 'Paul Boujenah'),
(434, 'Karim Boukercha'),
(435, 'Ludovic Boukherma'),
(436, 'Zoran Boukherma'),
(437, 'Lyèce Boukhitine'),
(438, 'Nicolas Boukhrief'),
(439, 'Laurent Boulanger'),
(440, 'Romuald Boulanger'),
(441, 'Jérôme Boulbès'),
(442, 'Max-Henri Boulois'),
(443, 'Jean-Louis Bouquet'),
(444, 'Armand Bour'),
(445, 'Olivier Bourbeillon'),
(446, 'Ernest Bourbon'),
(447, 'Pascal Bourdiaux'),
(448, 'Emmanuel Bourdieu'),
(449, 'Didier Bourdon'),
(450, 'Jacques Bourdon'),
(451, 'Gilles Bourdos'),
(452, 'Pierre Bourgeade'),
(453, 'Gérard Bourgeois'),
(454, 'Marc Bourgeois'),
(455, 'Serge Bourguignon'),
(456, 'Thomas Bourguignon'),
(457, 'Hubert Bourlon'),
(458, 'Arnaud Bouron'),
(459, 'Antoine Bourseiller'),
(460, 'Manuel Boursinhac'),
(461, 'Roger Boussinot'),
(462, 'Pierre-André Boutang'),
(463, 'Maurice Boutel'),
(464, 'Antoine Boutet'),
(465, 'Stéphane Boutet'),
(466, 'Laurent Boutonnat'),
(467, 'Pierre Boutron'),
(468, 'Jean-Christophe Bouvet'),
(469, 'Jérôme Bouvier'),
(470, 'Jean-Pierre Bouyxou'),
(471, 'Laurent Bouzereau'),
(472, 'Gilles Bovon'),
(473, 'Frans Boyer'),
(474, 'Jean Boyer'),
(475, 'Jean-Paul Boyer'),
(476, 'Serge Bozon'),
(477, 'Charles Brabant'),
(478, 'Guillaume Brac'),
(479, 'Gérard Brach'),
(480, 'Cédric de Bragança'),
(481, 'René Bragard'),
(482, 'Jacques Bral'),
(483, 'Patrick Braoudé'),
(484, 'Willy Braque'),
(485, 'Lasse Braun'),
(486, 'George Breakston'),
(487, 'Cédric Brelet von Sydow'),
(488, 'Jean Brérault'),
(489, 'Pierre Bressol'),
(490, 'Robert Bresson'),
(491, 'Stéphane Breton'),
(492, 'Laurent Brett'),
(493, 'Jean-Claude Brialy'),
(494, 'Luis Briceño'),
(495, 'Christian Bricout'),
(496, 'Benoît Bringer'),
(497, 'Jean-Claude Bringuier'),
(498, 'Joël Brisse'),
(499, 'Jean-Claude Brisseau'),
(500, 'Jacques Brissot'),
(501, 'Stéphane Brizé'),
(502, 'Gaëtan et Paul Brizzi'),
(503, 'Philippe de Broca'),
(504, 'Serge Bromberg'),
(505, 'Hervé Bromberger'),
(506, 'Philip Brooks'),
(507, 'Nicolas Brossette'),
(508, 'Albert Brouett'),
(509, 'Christian Broutin'),
(510, 'Raymond Léopold Bruckberger'),
(511, 'François Bruel'),
(512, 'Marc Bruimaud'),
(513, 'Claude Brulé'),
(514, 'Arno-Charles Brun'),
(515, 'Andrew Brunelle'),
(516, 'Alain Brunet'),
(517, 'Guy Brunet'),
(518, 'Olivier L. Brunet'),
(519, 'Patrick Brunie'),
(520, 'Jacques Brunius'),
(521, 'Frédéric Brunnquell'),
(522, 'Bruno Collet'),
(523, 'Vincent de Brus'),
(524, 'Mikael Buch'),
(525, 'Michel Bulteau'),
(526, 'Juan Luis Buñuel'),
(527, 'Noël Burch'),
(528, 'Patrick Bureau'),
(529, 'Charles Burguet'),
(530, 'Hugues Burin des Roziers'),
(531, 'Jacques Burtin'),
(532, 'Alexandre Bustillo'),
(533, 'Doris Buttignol'),
(534, 'Patrick Cabouat'),
(535, 'Georges Cachoux'),
(536, 'Jean-Roger Cadet'),
(537, 'Régis Caël'),
(538, 'Adrien Caillard'),
(539, 'Thomas Cailley'),
(540, 'Ivan Calbérac'),
(541, 'Gerald Calderon'),
(542, 'Philippe Calderon'),
(543, 'Henri Calef'),
(544, 'Natacha Calestrémé'),
(545, 'Sophie Calle'),
(546, 'André Calmettes'),
(547, 'Joël Calmettes'),
(548, 'Paul Calori'),
(549, 'Gérard Calvet'),
(550, 'Fabrizio Calvi'),
(551, 'Maurice Cam'),
(552, 'Alexandre Camerlo'),
(553, 'Maurice Cammage'),
(554, 'Fabrice Camoin'),
(555, 'Bernard Campan'),
(556, 'François Campaux'),
(557, 'Robin Campillo'),
(558, 'Christophe Campos'),
(559, 'Marcel Camus'),
(560, 'Ludovic Cantais'),
(561, 'Adolphe Candé'),
(562, 'Guillaume Canet'),
(563, 'Maurice de Canonge'),
(564, 'Marc Cantagrel'),
(565, 'Robert Cantarella'),
(566, 'André Cantenys'),
(567, 'Laurent Cantet'),
(568, 'Jean-Louis Cap'),
(569, 'Albert Capellani'),
(570, 'Roger Capellani'),
(571, 'Éric Capitaine'),
(572, 'Michel Caputo'),
(573, 'Éric Caravaca'),
(574, 'Leos Carax'),
(575, 'Julien Carbon'),
(576, 'Louis de Carbonnat'),
(577, 'Norbert Carbonnaux'),
(578, 'Laurent Carcélès'),
(579, 'Pierre Cardinal'),
(580, 'Christian Carion'),
(581, 'Georges Caristan'),
(582, 'Claude Cariven'),
(583, 'Pierre Carles'),
(584, 'Florent Carmin'),
(585, 'Ambroise Carminati'),
(586, 'Marcel Carné'),
(587, 'John Caro'),
(588, 'Marc Caro'),
(589, 'Carole Giacobbi'),
(590, 'Didier Caron'),
(591, 'Pierre Caron'),
(592, 'Paul Carpita'),
(593, 'Jean-Michel Carré'),
(594, 'Michel Carré'),
(595, 'Emmanuel Carrère'),
(596, 'Jean-Paul Carrère'),
(597, 'René Carrère'),
(598, 'Philippe Carrese'),
(599, 'Henri Cartier-Bresson'),
(600, 'Raphaël de Casabianca'),
(601, 'Guy Casaril'),
(602, 'Olivier Casas'),
(603, 'Jacques de Casembroot'),
(604, 'Frank Cassenti'),
(605, 'Guillaume Casset'),
(606, 'Ange Casta'),
(607, 'Xavier Castano'),
(608, 'Nicolas Castro'),
(609, 'Jaque-Catelain'),
(610, 'Néry Catineau'),
(611, 'Hélène Cattet et Bruno Forzani'),
(612, 'Yves Caumon'),
(613, 'Antoine de Caunes'),
(614, 'Emmanuel Caussé'),
(615, 'Jean-Max Causse'),
(616, 'Brice Cauvin'),
(617, 'Guy Cavagnac'),
(618, 'Alain Cavalier'),
(619, 'Fred Cavayé'),
(620, 'André Cayatte'),
(621, 'Jérôme Caza'),
(622, 'Nicolas Cazalé'),
(623, 'Fabrice Cazeneuve'),
(624, 'Maurice Cazeneuve'),
(625, 'Stéphane Cazes'),
(626, 'Jules Celma'),
(627, 'André Cerf'),
(628, 'Bernard Cerf'),
(629, 'Frédéric Cerulli'),
(630, 'Pascal Cervo'),
(631, 'Alain Chabat'),
(632, 'Thierry Chabert'),
(633, 'Claude Chabrol'),
(634, 'Thomas Chabrol'),
(635, 'Patrice Chagnard'),
(636, 'François Chalais'),
(637, 'Jean-Yves Chalangeas'),
(638, 'Maurice Challiot'),
(639, 'Christian de Chalonge'),
(640, 'Jean Chalopin'),
(641, 'Henri Chambon'),
(642, 'Jean-Claude Chambon'),
(643, 'Christian Chamborant'),
(644, 'Ronald Chammah'),
(645, 'Jacques Champreux'),
(646, 'Maurice Champreux'),
(647, 'René Chanas'),
(648, 'Henry Chapier'),
(649, 'Kim Chapiron'),
(650, 'Marc Chapiteau'),
(651, 'Jean Chapot'),
(652, 'Jean-Marc Chapoulie'),
(653, 'Dominique Chapuis'),
(654, 'Patrick Chaput'),
(655, 'Nicolas Charbonneau'),
(656, 'Laurent Charbonnier'),
(657, 'Pierre Charbonnier'),
(658, 'Jacques Charby'),
(659, 'François Chardeaux'),
(660, 'Mehdi Charef'),
(661, 'David Charhon'),
(662, 'Philippe Charigot'),
(663, 'Alexandre Charlot'),
(664, 'André Charpak'),
(665, 'Christophe Charrier'),
(666, 'Armand Chartier'),
(667, 'Hubert Charuel'),
(668, 'François Chatel'),
(669, 'Thibaut Chatel'),
(670, 'Étienne Chatiliez'),
(671, 'Pascal Chaumeil'),
(672, 'Dominique Chaussois'),
(673, 'Émile Chautard'),
(674, 'Philippe de Chauveron'),
(675, 'Olivier Chavarot'),
(676, 'Rémi Chayé'),
(677, 'Damien Chazelle'),
(678, 'André Chemel'),
(679, 'Christophe Chemin'),
(680, 'Dominique Cheminal'),
(681, 'Pierre Chenal'),
(682, 'Chad Chenouga'),
(683, 'Jean Chérasse'),
(684, 'Patrice Chéreau'),
(685, 'Arnaud Chéron'),
(686, 'Gérard Cherqui'),
(687, 'Jean-Julien Chervier'),
(688, 'Patrick Chesnais'),
(689, 'Pierre Chevalier'),
(690, 'Laurent Chevallier'),
(691, 'Christian Chevreuse'),
(692, 'Thomas Cheysson'),
(693, 'Malik Chibane'),
(694, 'Bruno Chiche'),
(695, 'Frédéric Chignac'),
(696, 'Dominique Choisy'),
(697, 'Sylvain Chomet'),
(698, 'Henri Chomette'),
(699, 'Alain Choquart'),
(700, 'Pierre Chosson'),
(701, 'André Chotin'),
(702, 'Davy Chou'),
(703, 'Gérard Chouchan'),
(704, 'Laurent Chouchan'),
(705, 'Xavier de Choudens'),
(706, 'Élie Chouraqui'),
(707, 'Jean Choux'),
(708, 'Christian-Jaque'),
(709, 'Yves Ciampi'),
(710, 'Angelo Cianci'),
(711, 'Emmanuel Ciepka'),
(712, 'Sébastien Cipolla'),
(713, 'Hélier Cisterne'),
(714, 'Éric Civanyan'),
(715, 'Jean Paul Civeyrac'),
(716, 'Georges Clair'),
(717, 'Philippe Clair'),
(718, 'René Clair'),
(719, 'Raphaël Clamour'),
(720, 'Jérémy Clapin'),
(721, 'Philippe Claudel'),
(722, 'Benjamin Clavel'),
(723, 'Stéphane Clavier'),
(724, 'Julien Clément'),
(725, 'Michel Clément'),
(726, 'Pierre Clément'),
(727, 'René Clément'),
(728, 'Pierre Clémenti'),
(729, 'Louis Clichy'),
(730, 'Daniel Cling'),
(731, 'Maurice Cloche'),
(732, 'Emmanuel Clot'),
(733, 'Henri-Georges Clouzot'),
(734, 'Jacques Cluzaud'),
(735, 'Jean Cocteau'),
(736, 'Christophe Coello'),
(737, 'Pierre Coffin'),
(738, 'Alexandre Coffre'),
(739, 'Roger Coggio'),
(740, 'Clément Cogitore'),
(741, 'Romain Cogitore'),
(742, 'Christophe Cognet'),
(743, 'Jérôme Cohen-Olivar'),
(744, 'Benoît Cohen'),
(745, 'Daniel Cohen'),
(746, 'Maurice Cohen'),
(747, 'Michaël Cohen'),
(748, 'Renaud Cohen'),
(749, 'Émile Cohl'),
(750, 'Bernard Cohn'),
(751, 'Daniel Colas'),
(752, 'Ludovic Colbeau-Justin'),
(753, 'Jean-Marie Coldefy'),
(754, 'Frederic Colier'),
(755, 'Grégoire Colin'),
(756, 'Philippe Collage'),
(757, 'Cyril Collard'),
(758, 'Samuel Collardey'),
(759, 'Jean-Yves Collet'),
(760, 'Raymond Collet'),
(761, 'Fabien Collin'),
(762, 'Philippe Collin'),
(763, 'Paul Colline'),
(764, 'Jean Collomb'),
(765, 'Antoni Collot'),
(766, 'Jacques Colombat'),
(767, 'Pierre Colombier'),
(768, 'Éric Colomer'),
(769, 'Henry Colomer'),
(770, 'Henri Colpi'),
(771, 'Coluche'),
(772, 'Jean Comandon'),
(773, 'Étienne Comar'),
(774, 'Georges Combret'),
(775, 'Jean-Louis Comolli'),
(776, 'Frédéric Compain'),
(777, 'Jean-François Comte'),
(778, 'Philippe Condroyer'),
(779, 'Claude Confortès'),
(780, 'Jacques Constant'),
(781, 'Fabio Conversi'),
(782, 'Pascal Convert'),
(783, 'Richard Copans'),
(784, 'Antoine Coppola'),
(785, 'Yann Coquart'),
(786, 'Antony Cordier'),
(787, 'Stany Cordier'),
(788, 'Pierre Coré'),
(789, 'Yann Coridian'),
(790, 'Jean-Michel Corillion'),
(791, 'Jean Cormier'),
(792, 'Alain Corneau'),
(793, 'Jacques Cornet'),
(794, 'Roger Cornillac'),
(795, 'Jacques-Gérard Cornu'),
(796, 'Jérôme Cornuau'),
(797, 'Jean-Michel Correia'),
(798, 'Jacques Cortal'),
(799, 'Philippe Cosson'),
(800, 'Costa-Gavras'),
(801, 'Jean-Manuel Costa'),
(802, 'Philippe Costantini'),
(803, 'Daniel Costelle'),
(804, 'Jean-Louis Costes'),
(805, 'Philippe Cote'),
(806, 'Olivier Cotte'),
(807, 'Christophe Cotteret'),
(808, 'Daouda Coulibaly'),
(809, 'Pierre Coulibeuf'),
(810, 'Gérard Courant'),
(811, 'Emmanuel Courcol'),
(812, 'Pierre Courrège'),
(813, 'Alexandre Courtès'),
(814, 'Laurent Courtiaud'),
(815, 'Miguel Courtois'),
(816, 'Gilles Cousin'),
(817, 'Olivier Coussemacq'),
(818, 'Jacques-Yves Cousteau'),
(819, 'Raoul Coutard'),
(820, 'Hélène Couturier'),
(821, 'Jean Couturier'),
(822, 'Louis-Pascal Couvelaire'),
(823, 'Michel Couvelard'),
(824, 'Émile Couzinet'),
(825, 'Darry Cowl'),
(826, 'Marcel Cravenne'),
(827, 'Geoffroy de Crécy'),
(828, 'Pierre Creton'),
(829, 'Louis Cros'),
(830, 'Bernard Cuau'),
(831, 'Nicolas Cuche'),
(832, 'Jacky Cukier'),
(833, 'Alain Cuniot'),
(834, 'Alain Cuny'),
(835, 'Jean-Pierre Cuny'),
(836, 'Louis Cuny'),
(837, 'Gérard Cuq'),
(838, 'Jean Curtelin'),
(839, 'Joël Curtz'),
(840, 'Patrick Czaplinski'),
(841, 'D'),
(842, 'Grisha Dabat'),
(843, 'Daniel Daert'),
(844, 'Robert-Paul Dagan'),
(845, 'Gilles Dagneau'),
(846, 'Jean-Claude Dague'),
(847, 'Olivier Dahan'),
(848, 'Yannick Dahan'),
(849, 'Philippe Dajoux'),
(850, 'Roger Dallier'),
(851, 'Patrice Dally'),
(852, 'David Danesi'),
(853, 'Jacques Daniel-Norman'),
(854, 'Jean-Louis Daniel'),
(855, 'Jean-Daniel Daninos'),
(856, 'Serge Danot'),
(857, 'Louis Daquin'),
(858, 'Robert Darène'),
(859, 'Éric Darmon'),
(860, 'Jacques Darmont'),
(861, 'Jacques Daroy'),
(862, 'Jean-Pierre Darras'),
(863, 'Jean-Pierre Darroussin'),
(864, 'Bernard Dartigues'),
(865, 'Jean Dasque'),
(866, 'André Daven'),
(867, 'Jacques Davila'),
(868, 'Robin Davis'),
(869, 'Jean-François Davy'),
(870, 'Christian De Vita'),
(871, 'Henri Debain'),
(872, 'Michel Debats'),
(873, 'Serge Debecque'),
(874, 'Henri-Jean Debon'),
(875, 'Bernard Debord'),
(876, 'Guy Debord'),
(877, 'Jacques Debs'),
(878, 'Jean-Baptiste Decavèle'),
(879, 'Henri Decoin'),
(880, 'Pierre-François Decouflé'),
(881, 'Jean-Pierre Decourt'),
(882, 'Bob Decout'),
(883, 'Charles Decroix'),
(884, 'Yann Dedet'),
(885, 'André Deed'),
(886, 'Bernard Deflandre'),
(887, 'Philippe Defrance'),
(888, 'Thierry Dejean'),
(889, 'Jean-Paul Dekiss'),
(890, 'René Delacroix'),
(891, 'Jérome Delafosse'),
(892, 'Christian Delage'),
(893, 'Bertrand Delais'),
(894, 'Didier Delaître'),
(895, 'Camille Delamarre'),
(896, 'Pierre Delanjeac'),
(897, 'Jean Delannoy'),
(898, 'Bertrand Delapierre'),
(899, 'Chris Delaporte'),
(900, 'Matthieu Delaporte'),
(901, 'Agnès Delarive'),
(902, 'Jean-François Delassus'),
(903, 'Roger Delattre'),
(904, 'Maurice Delbez'),
(905, 'Benoît Delépine'),
(906, 'Antoine Delesvaux'),
(907, 'Michel Delgado'),
(908, 'Patrick Dell\'Isola'),
(909, 'Brice Dellsperger'),
(910, 'Louis Delluc'),
(911, 'Alain Delon'),
(912, 'Dominique Delouche'),
(913, 'Raphaël Delpard'),
(914, 'Jean-Christophe Delpias'),
(915, 'Lionel Delplanque'),
(916, 'David Delrieux'),
(917, 'Édouard Deluc'),
(918, 'Xavier Deluc'),
(919, 'Richard Dembo'),
(920, 'Stéphane Demoustier'),
(921, 'Arnaud Demuynck'),
(922, 'Jacques Demy'),
(923, 'Mathieu Demy'),
(924, 'Jean-Charles Deniau'),
(925, 'Patrick Deniau'),
(926, 'Jean-Pierre Denis'),
(927, 'Jérôme Denis'),
(928, 'Jean Denizot'),
(929, 'Georges Denola'),
(930, 'Gérard Depardieu'),
(931, 'Raymond Depardon'),
(932, 'Jacques Deray'),
(933, 'Denis Dercourt'),
(934, 'Cédric Derlyn'),
(935, 'Gilles Deroo'),
(936, 'Arnaud des Pallières'),
(937, 'François Desagnat'),
(938, 'Jean-Pierre Desagnat'),
(939, 'Jacques Desagneaux'),
(940, 'Dante Desarthe'),
(941, 'Olivier Desbordes'),
(942, 'Jacques Deschamps'),
(943, 'Jérôme Deschamps'),
(944, 'Caleb Deschanel'),
(945, 'Sylvain Desclous'),
(946, 'Léon Desclozeaux'),
(947, 'Emmanuel Descombes'),
(948, 'François Descraques'),
(949, 'Raphaël Descraques'),
(950, 'Henri Desfontaines'),
(951, 'Arnaud Desjardins'),
(952, 'Guy Deslauriers'),
(953, 'Marc Desoutter'),
(954, 'Arnaud Desplechin'),
(955, 'Sylvain Despretz'),
(956, 'Antoine Desrosières'),
(957, 'Jean-Christophe Dessaint'),
(958, 'Yves Dessca'),
(959, 'Robert Destanque'),
(960, 'Jean Desvilles'),
(961, 'Pascal Deux'),
(962, 'Jean Devaivre'),
(963, 'Jacques Deval'),
(964, 'Patrick Deval'),
(965, 'Michel Deville'),
(966, 'Jean-Pierre Devillers'),
(967, 'Jean Dewever'),
(968, 'Patrick Dewolf'),
(969, 'Bernard Deyriès'),
(970, 'Étienne Dhaene'),
(971, 'Alain Dhénaut'),
(972, 'Robert Dhéry'),
(973, 'Rachid Dhibou'),
(974, 'Sylvain Dhomme'),
(975, 'Alain Dhouailly'),
(976, 'Henri Diamant-Berger'),
(977, 'Jérôme Diamant-Berger'),
(978, 'Max Dianville'),
(979, 'Diastème'),
(980, 'Philippe Díaz'),
(981, 'Marc Didier'),
(982, 'Marc di Domenico'),
(983, 'Gaston Diehl'),
(984, 'Vincent Dietschy'),
(985, 'Sylvain Dieuaide'),
(986, 'Frédéric Dieudonné'),
(987, 'Vincent Dieutre'),
(988, 'Cyril Dion'),
(989, 'Franck Dion'),
(990, 'Jean-François Dion'),
(991, 'Benoît Di Sabatino'),
(992, 'Mostéfa Djadjam'),
(993, 'Rachid Djaïdani'),
(994, 'André Djaoui'),
(995, 'Farid Dms Debah'),
(996, 'Doc Seven'),
(997, 'Jacques Doillon'),
(998, 'Dominique Adt'),
(999, 'Hadrien don Fayel'),
(1000, 'Julien Donada'),
(1001, 'Thierry Donard'),
(1002, 'Émile-Bernard Donatien'),
(1003, 'Christophe Donner'),
(1004, 'Paul Dopff'),
(1005, 'Christian Dor'),
(1006, 'Olivier Doran'),
(1007, 'Jacques Dorfmann'),
(1008, 'Christophe Douchand'),
(1009, 'Jean Douchet'),
(1010, 'Jean-Pierre Dougnac'),
(1011, 'Samuel Doux'),
(1012, 'Max Douy'),
(1013, 'Michel Drach'),
(1014, 'Jean Dréville'),
(1015, 'Karim Dridi'),
(1016, 'Christian Drillaud'),
(1017, 'Joseph Drimal'),
(1018, 'Jean-Marie Drot'),
(1019, 'Stéphane Drouot'),
(1020, 'Bastien Dubois'),
(1021, 'Bernard Dubois'),
(1022, 'Serge Dubor'),
(1023, 'Albert Dubout'),
(1024, 'Laurent Ducastel'),
(1025, 'Jacques Duchateau'),
(1026, 'Rémy Duchemin'),
(1027, 'Louis Duchesne'),
(1028, 'Pierre-Jean Ducis'),
(1029, 'Bruno Ducourant'),
(1030, 'Philippe Ducrest'),
(1031, 'Jean-Charles Dudrumet'),
(1032, 'Marc Dufaud'),
(1033, 'Georges Dufaux'),
(1034, 'Marc-Henri Dufresne'),
(1035, 'Marc Dugain'),
(1036, 'Stéphane Dugast'),
(1037, 'André Dugès'),
(1038, 'Maurice Dugowson'),
(1039, 'Pierre Dugowson'),
(1040, 'Clément Duhour'),
(1041, 'Jean Dujardin'),
(1042, 'Michel Dulud'),
(1043, 'Bruno Dumont'),
(1044, 'Marcel Dumont'),
(1045, 'Georges Dumoulin'),
(1046, 'Michel Dumoulin'),
(1047, 'François Dupeyron'),
(1048, 'Quentin Dupieux'),
(1049, 'François Dupont-Midi'),
(1050, 'Jacques Dupont'),
(1051, 'Albert Dupontel'),
(1052, 'Ilan Duran Cohen'),
(1053, 'Jean Durand'),
(1054, 'Philippe Durand'),
(1055, 'Arsène Durec'),
(1056, 'Éric Duret'),
(1057, 'Jean-Pierre Duret'),
(1058, 'Xavier Durringer'),
(1059, 'Laurent Dussaux'),
(1060, 'Julien Dutel'),
(1061, 'Christophe Duthuron'),
(1062, 'Claude Duty'),
(1063, 'Daniel Duval'),
(1064, 'Christian Duvaleix'),
(1065, 'Éric Duvivier'),
(1066, 'Julien Duvivier'),
(1067, 'Fabrice Éboué'),
(1068, 'Roland Edzard'),
(1069, 'Josy Eisenberg'),
(1070, 'Pascal Elbé'),
(1071, 'Mehdi El Glaoui'),
(1072, 'Gilles Elie-Dit-Cosaque'),
(1073, 'Serge Élissalde'),
(1074, 'David Elkaïm'),
(1075, 'Gilles Elkaim'),
(1076, 'Jérémie Elkaïm'),
(1077, 'Yves Ellena'),
(1078, 'Gad Elmaleh'),
(1079, 'Mabrouk El Mechri'),
(1080, 'Pascal Elso'),
(1081, 'Patrice Énard'),
(1082, 'Nicolas Engel'),
(1083, 'Olivier Enogo'),
(1084, 'Jérôme Enrico'),
(1085, 'Robert Enrico'),
(1086, 'Edmond Épardaud'),
(1087, 'Jean Epstein'),
(1088, 'Jean-Baptiste Erreca'),
(1089, 'Jacques Ertaud'),
(1090, 'Alain Escalle'),
(1091, 'Ali Esmili'),
(1092, 'Xavier Esnault'),
(1093, 'Charles d\'Espinay'),
(1094, 'Marc Esposito'),
(1095, 'Martin Esposito'),
(1096, 'Sylvain Estibal'),
(1097, 'Pierre Étaix'),
(1098, 'Henri Étiévant'),
(1099, 'Franck Eulry'),
(1100, 'Jean Eustache'),
(1101, 'Mason Ewing'),
(1102, 'Henri Fabiani'),
(1103, 'Jean-Marc Fabre'),
(1104, 'Pierre Fabre'),
(1105, 'Abbas Fahdel'),
(1106, 'Maurice Failevic'),
(1107, 'Yves Fajnberg'),
(1108, 'Mario Fanfani'),
(1109, 'Jacques Fansten'),
(1110, 'Claude Faraldo'),
(1111, 'Vincent Farasse'),
(1112, 'Joël Farges'),
(1113, 'Jean-Paul Fargier'),
(1114, 'Bernard Faroux'),
(1115, 'Bernard Farrel'),
(1116, 'Georges Farrel'),
(1117, 'Dominique Farrugia'),
(1118, 'Victor de Fast'),
(1119, 'Philippe Faucon'),
(1120, 'Christian Faure'),
(1121, 'Étienne Faure'),
(1122, 'Jean Faurez'),
(1123, 'Michel Favart'),
(1124, 'François Favrat'),
(1125, 'Bernard Favre'),
(1126, 'André Farwagi'),
(1127, 'Claude Fayard'),
(1128, 'Francis Fehr'),
(1129, 'Raphaël Fejtö'),
(1130, 'Louis Félix'),
(1131, 'Roger Fellous'),
(1132, 'Renaud Fély'),
(1133, 'Jacques de Féraudy'),
(1134, 'Maurice de Féraudy'),
(1135, 'René Féret'),
(1136, 'Bernard Férié'),
(1137, 'Michel Fermaud'),
(1138, 'Fernandel'),
(1139, 'Philippe Fernandez'),
(1140, 'François Ferracci'),
(1141, 'Alain Ferrari'),
(1142, 'Christophe Ferreira'),
(1143, 'Benoît Ferreux'),
(1144, 'Laurent Ferrier'),
(1145, 'Pierre Ferrière'),
(1146, 'Alexandre Ferrini'),
(1147, 'Ismaël Ferroukhi'),
(1148, 'Abel Ferry'),
(1149, 'Henri Fescourt'),
(1150, 'Michel Fessler'),
(1151, 'Louis Feuillade'),
(1152, 'Bertrand Fèvre'),
(1153, 'Jean-Pierre Feydeau'),
(1154, 'Paul Feyder'),
(1155, 'Jacques Fieschi'),
(1156, 'Jean-Teddy Filippe'),
(1157, 'Pierre Filmon'),
(1158, 'Emmanuel Finkiel'),
(1159, 'Laurent Firode'),
(1160, 'Frédéric Fisbach'),
(1161, 'Jean-Charles Fitoussi'),
(1162, 'Marc Fitoussi'),
(1163, 'Didier Flamand'),
(1164, 'Manuel Flèche'),
(1165, 'Jean Fléchet'),
(1166, 'Alain Fleischer'),
(1167, 'Claude Fléouter'),
(1168, 'Robert Florey'),
(1169, 'David Foenkinos'),
(1170, 'Stéphane Foenkinos'),
(1171, 'Dany Fog'),
(1172, 'Angelo Foley'),
(1173, 'Georges Folgoas'),
(1174, 'Emmanuel Fonlladosa'),
(1175, 'Hugues Fontaine'),
(1176, 'Jean Fontaine'),
(1177, 'Frédéric Forestier'),
(1178, 'Benoît Forgeard'),
(1179, 'Filip Forgeau'),
(1180, 'Régis Forissier'),
(1181, 'Remo Forlani'),
(1182, 'Dominique Forma'),
(1183, 'Pierre Foucaud'),
(1184, 'Marc Fouchard'),
(1185, 'Frédéric Fougea'),
(1186, 'Martial Fougeron'),
(1187, 'Jérôme Foulon'),
(1188, 'Raoul Foulon'),
(1189, 'Philippe Fourastié'),
(1190, 'Francis Fourcou'),
(1191, 'David Fourier'),
(1192, 'Fabien Fournier'),
(1193, 'Olivier Fox'),
(1194, 'James L. Frachon'),
(1195, 'Didier Fraisse'),
(1196, 'Patrice Franceschi'),
(1197, 'Alain Franchet'),
(1198, 'Pierre Franchi'),
(1199, 'Joe Francis'),
(1200, 'Bruno François-Boucher'),
(1201, 'Christian François'),
(1202, 'Jean-Luc François'),
(1203, 'Jean-Claude Francolon'),
(1204, 'Georges Franju'),
(1205, 'Christopher Frank'),
(1206, 'Laurent Frapat'),
(1207, 'Martin Fraudreau'),
(1208, 'Freddy Gladieux'),
(1209, 'Edmond Freess'),
(1210, 'Stéphane de Freitas'),
(1211, 'Guy du Fresnay'),
(1212, 'Germain Fried'),
(1213, 'Georges Friedland'),
(1214, 'Serge Friedman'),
(1215, 'Daniel Friedmann'),
(1216, 'Gérard Frot-Coutaz'),
(1217, 'Maurice Frydland'),
(1218, 'Raphaël Frydman'),
(1219, 'Serge Frydman'),
(1220, 'Philippe Fusellier'),
(1221, 'Michel Fuzellier'),
(1222, 'Pierre Gaffié'),
(1223, 'Jean-Luc Gaget'),
(1224, 'Alain Gagnol'),
(1225, 'Jacques Gaillard'),
(1226, 'Serge Gainsbourg'),
(1227, 'René Gainville'),
(1228, 'Pierre-Dominique Gaisseau'),
(1229, 'Louis-Émile Galey'),
(1230, 'Philippe Galland'),
(1231, 'Audrey Gallet'),
(1232, 'Luc Gallissaires'),
(1233, 'Jean-François Gallotte'),
(1234, 'Henri Gambart'),
(1235, 'Abel Gance'),
(1236, 'Félix Gandéra'),
(1237, 'Lucien Ganier-Raymond'),
(1238, 'Christophe Gans'),
(1239, 'Bruno Gantillon'),
(1240, 'Marc Garanger'),
(1241, 'Paul Garbagni'),
(1242, 'Bruno Garcia'),
(1243, 'Vincent Garenq'),
(1244, 'Philippe Garguil'),
(1245, 'Dominique Garing'),
(1246, 'Gabriel Garran'),
(1247, 'Louis Garrel'),
(1248, 'Philippe Garrel'),
(1249, 'Fred Garson'),
(1250, 'Julien Gaspar-Oliveri'),
(1251, 'Pierre Gaspard-Huit'),
(1252, 'Claude Gaspari'),
(1253, 'Cyril de Gasperis'),
(1254, 'Charles Gassot'),
(1255, 'Michel Gast'),
(1256, 'Franck Gastambide'),
(1257, 'Marco Gastine'),
(1258, 'Marco de Gastyne'),
(1259, 'Tony Gatlif'),
(1260, 'Armand Gatti'),
(1261, 'Thomas Gaudin'),
(1262, 'Damien Gault'),
(1263, 'Pierre Gautherin'),
(1264, 'Georges Gauthier'),
(1265, 'Michel Gauthier'),
(1266, 'Yvan Gauthier'),
(1267, 'Jean-Dominique Gautier'),
(1268, 'Patrice Gautier'),
(1269, 'Philippe Gautier'),
(1270, 'René Gaveau'),
(1271, 'Alexandre Gavras'),
(1272, 'Romain Gavras'),
(1273, 'André Gazut'),
(1274, 'Frédéric Gélard'),
(1275, 'Cyril Gelblat'),
(1276, 'Daniel Gélin'),
(1277, 'Hugo Gélin'),
(1278, 'Xavier Gélin'),
(1279, 'Fabrice Genestal'),
(1280, 'Jérôme Genevray'),
(1281, 'André Génovès'),
(1282, 'Xavier Gens'),
(1283, 'Sylvain George'),
(1284, 'Charles Gérard'),
(1285, 'François Gérard'),
(1286, 'Max Gérard'),
(1287, 'Michel Gérard'),
(1288, 'Bernard Germain'),
(1289, 'Denis Gheerbrant'),
(1290, 'Francis Giacobetti'),
(1291, 'Xavier Giannoli'),
(1292, 'Jean-Michel Gibard'),
(1293, 'Marcel Gibaud'),
(1294, 'Pierre Giffard'),
(1295, 'Jean-Marie Gigon'),
(1296, 'Francis Gillery'),
(1297, 'Guy Gilles'),
(1298, 'Hubert Gillet'),
(1299, 'André Gillois'),
(1300, 'Thomas Gilou'),
(1301, 'René Gilson'),
(1302, 'Christian Gion'),
(1303, 'José Giovanni'),
(1304, 'Vincent Giovanni'),
(1305, 'François Gir'),
(1306, 'Hippolyte Girardot'),
(1307, 'Pierre-Alain Giraud'),
(1308, 'Bernard Giraudeau'),
(1309, 'Jean Girault'),
(1310, 'Jacques-Rémy Girerd'),
(1311, 'Francis Girod'),
(1312, 'David Gitlis'),
(1313, 'John Gitlis'),
(1314, 'Stéphane Giusti'),
(1315, 'Claude de Givray'),
(1316, 'Henri Glaeser'),
(1317, 'Maurice Gleize'),
(1318, 'Pierre-William Glenn'),
(1319, 'Vincent Glenn'),
(1320, 'Nicolas Glimois'),
(1321, 'Djibril Glissant'),
(1322, 'Gabriel Glissant'),
(1323, 'Raphaël Glucksmann'),
(1324, 'Fabrice Gobert'),
(1325, 'Fx Goby'),
(1326, 'Jean Godard'),
(1327, 'Jean-Luc Godard'),
(1328, 'Philippe Godeau'),
(1329, 'Pierre Godeau'),
(1330, 'François Goetghebeur'),
(1331, 'Mathias Gokalp'),
(1332, 'Jacky Goldberg'),
(1333, 'Jordan Goldnadel'),
(1334, 'Didier Goldschmidt'),
(1335, 'Alain Gomis'),
(1336, 'Michel Gondry'),
(1337, 'Bernard Gonner'),
(1338, 'Jean-Louis Gonnet'),
(1339, 'Yann Gonzalez'),
(1340, 'Jean-Pierre Gorin'),
(1341, 'Emmanuel Gorinstein'),
(1342, 'Jean-Jacques Goron'),
(1343, 'Igor Gotesman'),
(1344, 'Jean-Paul Goude'),
(1345, 'Philippe Gougler'),
(1346, 'Guillaume Gouix'),
(1347, 'Yves Goulais'),
(1348, 'Dominique Goult'),
(1349, 'Jean Goumain'),
(1350, 'Romain Goupil'),
(1351, 'Roger Goupillières'),
(1352, 'Jean Gourguet'),
(1353, 'Franck Gourlat'),
(1354, 'Pierre Gout'),
(1355, 'Pierre Goutas'),
(1356, 'Maxime Govare'),
(1357, 'Gérard Gozlan'),
(1358, 'Yann Gozlan'),
(1359, 'Martin Graff'),
(1360, 'Benoît Graffin'),
(1361, 'Jean Graglia'),
(1362, 'Alfred Gragnon'),
(1363, 'Sébastien Grall'),
(1364, 'Georges Grammat'),
(1365, 'Grand Corps Malade'),
(1366, 'Jean-Jacques Grand-Jouan'),
(1367, 'Patrick Grandperret'),
(1368, 'Philippe Grandrieux'),
(1369, 'Pierre Grange'),
(1370, 'Gilles Grangier'),
(1371, 'Denys Granier-Deferre'),
(1372, 'Pierre Granier-Deferre'),
(1373, 'Pierre-Luc Granjon'),
(1374, 'Emmanuel Gras'),
(1375, 'Marcel Gras'),
(1376, 'Jean-Pierre Grasset'),
(1377, 'Éric Gravel'),
(1378, 'Gabriel de Gravone'),
(1379, 'Frédéric Graziani'),
(1380, 'Henri Graziani'),
(1381, 'Stanislas Graziani'),
(1382, 'Eugène Green'),
(1383, 'Jean Grémillon'),
(1384, 'Jean Grémion'),
(1385, 'Jean-Pierre Grenier'),
(1386, 'Edmond T. Gréville'),
(1387, 'François Greze'),
(1388, 'Paul Grimault'),
(1389, 'Pierre Grimblat'),
(1390, 'Grimme'),
(1391, 'Claude Grinberg'),
(1392, 'Fred Grivois'),
(1393, 'Mallory Grolleau'),
(1394, 'Francis Grosjean'),
(1395, 'Louis Grospierre'),
(1396, 'Jean-Paul Grossin'),
(1397, 'Groupe du 24 juillet'),
(1398, 'Didier Grousset'),
(1399, 'Henri Gruel'),
(1400, 'Marc Grunebaum'),
(1401, 'Pierre Grunstein'),
(1402, 'Marc-André Grynbaum'),
(1403, 'Robert Guédiguian'),
(1404, 'Benjamin Guedj'),
(1405, 'Francis de Gueltzl'),
(1406, 'Stéphane Guénin'),
(1407, 'Bourlem Guerdjou'),
(1408, 'Éric Guéret'),
(1409, 'Stéphan Guérin-Tillié'),
(1410, 'Franck Guérin'),
(1411, 'François Guérin'),
(1412, 'Gérard Guérin'),
(1413, 'Pierre Guerlais'),
(1414, 'Samir Guesmi'),
(1415, 'Alain Guesnier'),
(1416, 'Paul Gueu'),
(1417, 'Jérémie Guez'),
(1418, 'Philippe Guez'),
(1419, 'Robert Guez'),
(1420, 'Pierre Guicheney'),
(1421, 'Olivier Guignard'),
(1422, 'Jean-Claude Guiguet'),
(1423, 'Pierre Guilbaud'),
(1424, 'Benjamin Guillard'),
(1425, 'Philippe Guillard'),
(1426, 'Guillaume Coudray'),
(1427, 'Gérard Guillaume'),
(1428, 'Pierre Erwan Guillaume'),
(1429, 'Claude Guillemot'),
(1430, 'Jean-Louis Guillermou'),
(1431, 'Dominique Guillo'),
(1432, 'Éric Guillon'),
(1433, 'Roger Guillot'),
(1434, 'Bernard Guillou'),
(1435, 'Nicolas Guillou'),
(1436, 'Éric Guirado'),
(1437, 'Jean-Paul Guirado'),
(1438, 'Alain Guiraudie'),
(1439, 'René Guissart'),
(1440, 'Graham Guit'),
(1441, 'Baptiste Guiton'),
(1442, 'Sacha Guitry'),
(1443, 'Paul Gury'),
(1444, 'Emmanuel Gust'),
(1445, 'Julien Guetta'),
(1446, 'Guy-Roger Duvert'),
(1447, 'Jacques Guymont'),
(1448, 'Daniel Guyonnet'),
(1449, 'Albert Guyot'),
(1450, 'Pierre Guyot'),
(1451, 'Ralph Habib'),
(1452, 'Vincent Hachet'),
(1453, 'Kamal Hachkar'),
(1454, 'Frédéric Hadengue'),
(1455, 'Hervé Hadmar'),
(1456, 'André Haguet'),
(1457, 'Jacques Haïk'),
(1458, 'Philippe Haïm'),
(1459, 'Julien Hallard'),
(1460, 'Rachid Hami'),
(1461, 'Saïd Hamich'),
(1462, 'Mohamed Hamidi'),
(1463, 'Joë Hamman'),
(1464, 'Emmanuel Hamon'),
(1465, 'Roger Hanin'),
(1466, 'Serge Hanin'),
(1467, 'Éric Hannezo'),
(1468, 'Guillaume Hanoteau'),
(1469, 'Marcel Hanoun'),
(1470, 'François Hanss'),
(1471, 'Arthur Harari'),
(1472, 'Thierry Harcourt'),
(1473, 'Philippe Harel'),
(1474, 'André Harris'),
(1475, 'Michel Hassan'),
(1476, 'Jean-François Hassoun'),
(1477, 'Georges Hatot'),
(1478, 'Jean-Pascal Hattu'),
(1479, 'Philippe Haudiquet'),
(1480, 'Jean-François Hauduroy'),
(1481, 'Michel Hazanavicius'),
(1482, 'Doug Headline'),
(1483, 'Bernard Hecht'),
(1484, 'Yann Hegann'),
(1485, 'Henri Heidsieck'),
(1486, 'André Heinrich'),
(1487, 'Henri Helman'),
(1488, 'Jonathan Helpert'),
(1489, 'Jean Hémard'),
(1490, 'Philippe d\'Hennezel'),
(1491, 'Robert Hennion'),
(1492, 'David Henri'),
(1493, 'Pierre de Hérain'),
(1494, 'Laurent Herbiet'),
(1495, 'Bruno Herbulot'),
(1496, 'Jean-Luc Herbulot'),
(1497, 'Nicolas Herdt'),
(1498, 'Pascal Hérold'),
(1499, 'Mikhael Hers'),
(1500, 'René Hervil'),
(1501, 'Gérard Herzog'),
(1502, 'Robert Hessens'),
(1503, 'Éric Heumann'),
(1504, 'André Heuzé'),
(1505, 'René Heuzey'),
(1506, 'Claude Heymann'),
(1507, 'Laurent Heynemann'),
(1508, 'Kên Higelin'),
(1509, 'Henri Hiro'),
(1510, 'Christophe Honoré'),
(1511, 'Hormoz'),
(1512, 'Armel Hostiou'),
(1513, 'Michel Houellebecq'),
(1514, 'Jacques Houssin'),
(1515, 'HPG'),
(1516, 'Jean-Michel Hua'),
(1517, 'Jean-Loup Hubert'),
(1518, 'Yves-André Hubert'),
(1519, 'Thomas Huchon'),
(1520, 'Claude Hudelot'),
(1521, 'Jean-Charles Hue'),
(1522, 'André Hugon'),
(1523, 'André Hunebelle'),
(1524, 'Robin Hunzinger'),
(1525, 'Marc Hurtado'),
(1526, 'Gérald Hustache-Mathieu'),
(1527, 'Francis Huster'),
(1528, 'James Huth'),
(1529, 'Romain Icard'),
(1530, 'Marcel Ichac'),
(1531, 'Pierre Ichac'),
(1532, 'Mehdi Idir'),
(1533, 'Erick Ifergan'),
(1534, 'Lazare Iglesis'),
(1535, 'Jean-Pierre Igoux'),
(1536, 'Jean Image'),
(1537, 'Henri-François Imbert'),
(1538, 'Cyprien Iov'),
(1539, 'Paul Iribe'),
(1540, 'Isabelle Cottenceau'),
(1541, 'Abder Isker'),
(1542, 'Akim Isker'),
(1543, 'Reynold Ismard'),
(1544, 'Armand Isnard'),
(1545, 'Isidore Isou'),
(1546, 'Vicky Ivernel'),
(1547, 'Jean Jabely'),
(1548, 'Jean-Pierre Jackson'),
(1549, 'Gilles Jacob'),
(1550, 'Laurent Jacob'),
(1551, 'Raphaël Jacoulot'),
(1552, 'Guy Jacques'),
(1553, 'Henry Jacques'),
(1554, 'Luc Jacquet'),
(1555, 'Benoît Jacquot'),
(1556, 'Christophe Jacrot'),
(1557, 'Just Jaeckin'),
(1558, 'Georges Jaffé'),
(1559, 'Michel Jaffrennou'),
(1560, 'Olivier Jahan'),
(1561, 'Sébastien Jallade'),
(1562, 'Pierre Jallaud'),
(1563, 'Nicolas Jallot'),
(1564, 'Patrick Jamain'),
(1565, 'Kery James'),
(1566, 'Yves Jamiaque'),
(1567, 'Pierre Jamin'),
(1568, 'Jean-Claude Janer'),
(1569, 'Seb Janiak'),
(1570, 'Daniel Janneau'),
(1571, 'Laurent Jaoui'),
(1572, 'Sébastien Japrisot'),
(1573, 'Lucien Jaquelux'),
(1574, 'Alexandre Jardin'),
(1575, 'Frédéric Jardin'),
(1576, 'Alain Jaspard'),
(1577, 'Victorin Jasset'),
(1578, 'Sébastien Jaudeau'),
(1579, 'Jean-Jacques Jauffret'),
(1580, 'Pierre Javaux'),
(1581, 'René Jayet'),
(1582, 'Jean Hurtado'),
(1583, 'Lucien Jean-Baptiste'),
(1584, 'Olivier Jean-Marie'),
(1585, 'Jean-Claude Jean'),
(1586, 'Olivier Jean'),
(1587, 'Bernard Jeanjean'),
(1588, 'Jean-Émile Jeannesson'),
(1589, 'Henri Jeanson'),
(1590, 'Jean-Christophe Jeauffre'),
(1591, 'Aytl Jensen'),
(1592, 'Alain Jessua'),
(1593, 'Xavier Jeudon'),
(1594, 'Patrick Jeudy'),
(1595, 'Yves Jeuland'),
(1596, 'Jean-Pierre Jeunet'),
(1597, 'Sidney Jézéquel'),
(1598, 'Cédric Jimenez'),
(1599, 'Léo Joannon'),
(1600, 'Alex Joffé'),
(1601, 'Arthur Joffé'),
(1602, 'Roland Joffé'),
(1603, 'Thomas Johnson'),
(1604, 'Marc Jolivet'),
(1605, 'Pierre Jolivet'),
(1606, 'Pierre-Alain Jolivet'),
(1607, 'René Jolivet'),
(1608, 'Max Joly'),
(1609, 'Alain Jomy'),
(1610, 'Jonas et François'),
(1611, 'Guy Jorré'),
(1612, 'Jean Josipovici'),
(1613, 'Sylvain Joubert'),
(1614, 'Jean-Jacques Joudiau'),
(1615, 'Yann Jouette'),
(1616, 'Henri Jouf'),
(1617, 'Philippe Joulia'),
(1618, 'Marvin Jouno'),
(1619, 'Gérard Jourd\'hui'),
(1620, 'Pierre Jourdan'),
(1621, 'Thierry Jousse'),
(1622, 'Samuel Jouy'),
(1623, 'Éric Judor'),
(1624, 'Gérard Jugnot'),
(1625, 'Julien Izard'),
(1626, 'Gabriel Julien-Laferrière'),
(1627, 'Gérard Jumel'),
(1628, 'Azize Kabouche'),
(1629, 'Roger Kahane'),
(1630, 'Cédric Kahn'),
(1631, 'Pierre Kalfon'),
(1632, 'Max Kalifa'),
(1633, 'Didier Kaminka'),
(1634, 'Piotr Kamler'),
(1635, 'Jérôme Kanapa'),
(1636, 'Pascal Kané'),
(1637, 'Léo Kaneman'),
(1638, 'Alexis Kanner'),
(1639, 'Alain Kappauf'),
(1640, 'Stéphane Kappes'),
(1641, 'Walter Kapps'),
(1642, 'Christophe Karabache'),
(1643, 'William Karel'),
(1644, 'Daniel Karlin'),
(1645, 'Sam Karmann'),
(1646, 'Marin Karmitz'),
(1647, 'Mathieu Kassovitz'),
(1648, 'Peter Kassovitz'),
(1649, 'Pierre Kast'),
(1650, 'Philippe Katerine'),
(1651, 'Gilles Katz'),
(1652, 'Roger Kay'),
(1653, 'Stéphane Kazandjian'),
(1654, 'Jacques Kébadian'),
(1655, 'Abdellatif Kechiche'),
(1656, 'Robert Kechichian'),
(1657, 'Léonard Keigel'),
(1658, 'Jean Kemm'),
(1659, 'Don Kent'),
(1660, 'Jean Kerchbron'),
(1661, 'Jean Kerchner'),
(1662, 'Maurice Kéroul'),
(1663, 'Gustave Kervern'),
(1664, 'Mustapha Kessous'),
(1665, 'Hisham Abdel Khalek'),
(1666, 'Serge Khalfon'),
(1667, 'Franck Khalfoun'),
(1668, 'Gérard Kikoïne'),
(1669, 'Patrice Kirchhofer'),
(1670, 'Albert Kirchner'),
(1671, 'Dimitri Kirsanoff'),
(1672, 'Olivier Kissita'),
(1673, 'Cédric Klapisch'),
(1674, 'Thierry Klifa'),
(1675, 'Ilan Klipper'),
(1676, 'Emmanuel Klotz'),
(1677, 'Jean-Christophe Klotz'),
(1678, 'Nicolas Klotz'),
(1679, 'Hubert Knapp'),
(1680, 'Lionel Kopp'),
(1681, 'Serge Korber'),
(1682, 'Henri-Paul Korchia'),
(1683, 'Nicolas Koretzky'),
(1684, 'David Korn-Brzoza'),
(1685, 'Hassan Koubba'),
(1686, 'Jan Kounen'),
(1687, 'Vladimir Kozlov'),
(1688, 'Kris Kramski'),
(1689, 'Henry Krauss'),
(1690, 'Gérard Krawczyk'),
(1691, 'Bruce Krebs'),
(1692, 'Jacques Krier'),
(1693, 'Thierry Kübler'),
(1694, 'Thierry Kuntzel'),
(1695, 'Stéphane Kurc'),
(1696, 'Ado Kyrou'),
(1697, 'Pierre Laba'),
(1698, 'Jean-Philippe Labadie'),
(1699, 'André Laban'),
(1700, 'André S. Labarthe'),
(1701, 'Christian Labrande'),
(1702, 'Maurice Labro'),
(1703, 'Philippe Labro'),
(1704, 'Daniel Lacambre'),
(1705, 'Pierre Lacan'),
(1706, 'Philippe Lacheau'),
(1707, 'Robert Lachenay'),
(1708, 'Georges Lacombe'),
(1709, 'Julien Lacombe'),
(1710, 'Thomas Lacoste'),
(1711, 'Philippe Lacôte'),
(1712, 'Hubert Lacoudre'),
(1713, 'Jean de La Cour'),
(1714, 'Guy Lacourt'),
(1715, 'Georges Lacroix'),
(1716, 'Georges-André Lacroix'),
(1717, 'Ladj Ly'),
(1718, 'Dominique Ladoge'),
(1719, 'Pascal Laëthier'),
(1720, 'Philippe Lafaix'),
(1721, 'Henry de La Falaise'),
(1722, 'Yves Lafaye'),
(1723, 'Laurent Laffargue'),
(1724, 'Pierre Laffargue'),
(1725, 'Frédéric Laffont'),
(1726, 'Jérôme Laffont'),
(1727, 'Jean-Daniel Lafond'),
(1728, 'Pierre de Lagarde'),
(1729, 'Yvan Lagrange'),
(1730, 'Maurice Lagrenée'),
(1731, 'Antoine Laguerre'),
(1732, 'Jean-François Laguionie'),
(1733, 'Romain Laguna'),
(1734, 'Pascal Lahmani'),
(1735, 'Philippe Laïk'),
(1736, 'Georges Laîné'),
(1737, 'Rémi Lainé'),
(1738, 'Benjamin de Lajarte'),
(1739, 'Jean-Pierre Lajournade'),
(1740, 'Jean-Dominique Lajoux'),
(1741, 'Claude Lalande'),
(1742, 'Sébastien Lalanne'),
(1743, 'Mehdi Lallaoui'),
(1744, 'Claude Lallemand'),
(1745, 'Daniel Laloux'),
(1746, 'René Laloux'),
(1747, 'Lam Lê'),
(1748, 'Pierre Lambert'),
(1749, 'Christian Lamet'),
(1750, 'Albert Lamorisse'),
(1751, 'Christophe Lamotte'),
(1752, 'Martin Lamotte'),
(1753, 'Robert Lamoureux'),
(1754, 'Georges Lampin'),
(1755, 'Raymond Lamy'),
(1756, 'Franck Landron'),
(1757, 'Michel Lang'),
(1758, 'Rémi Lange'),
(1759, 'Olivier Langlois'),
(1760, 'Thomas Langmann'),
(1761, 'Jean-Jacques Languepin'),
(1762, 'Claude Lanzmann'),
(1763, 'Julius-Amédée Laou'),
(1764, 'Denys de La Patellière'),
(1765, 'Jérôme Laperrousaz'),
(1766, 'Robert Lapoujade'),
(1767, 'Christian Lara'),
(1768, 'Laurent Larivière'),
(1769, 'Jean-Dominique de La Rochefoucauld'),
(1770, 'Jean Larriaga'),
(1771, 'Arnaud et Jean-Marie Larrieu'),
(1772, 'Éric Lartigau'),
(1773, 'Philippe Larue'),
(1774, 'Pierre Lary'),
(1775, 'Hervé Lasgouttes'),
(1776, 'Philippe Lasry'),
(1777, 'Sébastien Lasserre'),
(1778, 'Bernard de Latour'),
(1779, 'Chantal Lauby'),
(1780, 'Éric Laugérias'),
(1781, 'Pascal Laugier'),
(1782, 'Ulysse Laugier'),
(1783, 'Bernard Launois'),
(1784, 'Alexandre Laurent'),
(1785, 'Emmanuel Laurent'),
(1786, 'Jean-Claude Laureux'),
(1787, 'Georges Lautner'),
(1788, 'Xavier de Lauzanne'),
(1789, 'Gérard Lauzier'),
(1790, 'Éric Lavaine'),
(1791, 'Alain Lavalle'),
(1792, 'Yves Lavandier'),
(1793, 'Hadrien La Vapeur'),
(1794, 'Marco La Via'),
(1795, 'Jean Laviron'),
(1796, 'Henri Lavorel'),
(1797, 'Oliver Laxe'),
(1798, 'Quentin Lazzarotto'),
(1799, 'Charles Le Bargy'),
(1800, 'Vianney Lebasque'),
(1801, 'Hopi Lebel'),
(1802, 'Jean-Patrick Lebel'),
(1803, 'Jean-Paul Lebesson'),
(1804, 'Gérard Leblanc'),
(1805, 'Gabriel Le Bomin'),
(1806, 'Roger Le Bon'),
(1807, 'Raymond Leboursier'),
(1808, 'Pierre Le Bret'),
(1809, 'Hervé Joseph Lebrun'),
(1810, 'Julien Lecat'),
(1811, 'Ange Leccia'),
(1812, 'Jean-Paul Le Chanois'),
(1813, 'Michel Le Clerc'),
(1814, 'Michel Leclerc'),
(1815, 'Philippe Leclerc'),
(1816, 'Julien Leclercq'),
(1817, 'Nicolas Leclère'),
(1818, 'Jean Lecointre'),
(1819, 'Daniel Le Comte'),
(1820, 'Daniel Leconte'),
(1821, 'Jean-Louis Leconte'),
(1822, 'Patrice Leconte'),
(1823, 'Mathias Ledoux'),
(1824, 'Claude-Yvon Leduc'),
(1825, 'Erwan Le Duc'),
(1826, 'Georges Leduc'),
(1827, 'Jean Leduc'),
(1828, 'Roger Leenhardt'),
(1829, 'Jérôme Lefdup'),
(1830, 'Philippe Lefebvre'),
(1831, 'Philippe Lefebvre'),
(1832, 'Yves Lefebvre'),
(1833, 'Paul Lefèvre'),
(1834, 'René Lefèvre'),
(1835, 'Gaël Leforestier'),
(1836, 'Guy Lefranc'),
(1837, 'Jean-Martial Lefranc'),
(1838, 'Martin Le Gall'),
(1839, 'Patrick Le Gall'),
(1840, 'Cédric Le Gallo'),
(1841, 'Félix Le Garrec'),
(1842, 'Fernand Léger'),
(1843, 'Pascal Légitimus'),
(1844, 'Pierre-Emmanuel Le Goff'),
(1845, 'Gilles Legrand'),
(1846, 'Jean-Baptiste Legrand'),
(1847, 'Jean-René Legrand'),
(1848, 'Michel Legrand'),
(1849, 'Xavier Legrand'),
(1850, 'Pascal Le Gras'),
(1851, 'Cyril Le Grix'),
(1852, 'Philippe Le Guay'),
(1853, 'Pat Le Guen'),
(1854, 'Christian Le Hémonet'),
(1855, 'René Le Hénaff'),
(1856, 'Jean Lehérissey'),
(1857, 'Maurice Lehmann'),
(1858, 'Éric Le Hung'),
(1859, 'Christian Lejalé'),
(1860, 'Tony Lekain'),
(1861, 'Gilles Lellouche'),
(1862, 'Philippe Lellouche'),
(1863, 'Claude Lelouch'),
(1864, 'Simon Lelouch'),
(1865, 'Jérôme Le Maire'),
(1866, 'Cédric Le Maoût'),
(1867, 'Yann Le Masson'),
(1868, 'Joël Le Moigné'),
(1869, 'Michel Lemoine'),
(1870, 'Ann Le Monnier'),
(1871, 'Arnaud Lemort'),
(1872, 'Louis-Do de Lencquesaing'),
(1873, 'Raphaël Lenglet'),
(1874, 'Michel Lengliney'),
(1875, 'Jean Léon'),
(1876, 'Pierre Léon'),
(1877, 'Vladimir Léon'),
(1878, 'Jean-Baptiste Leonetti'),
(1879, 'Félix Léonnec'),
(1880, 'Henri Lepage'),
(1881, 'Didier Le Pêcheur'),
(1882, 'Serge Le Péron'),
(1883, 'Gaston Leprieur'),
(1884, 'René Leprince'),
(1885, 'Grégoire Leprince-Ringuet'),
(1886, 'Yann Le Quellec'),
(1887, 'Philippe Leriche'),
(1888, 'Éric Le Roch'),
(1889, 'Francis Leroi'),
(1890, 'Hervé Le Roux'),
(1891, 'Michel Leroy'),
(1892, 'Serge Leroy'),
(1893, 'Jack Lesage'),
(1894, 'Jérôme Lescure'),
(1895, 'René Le Somptier'),
(1896, 'Jalil Lespert'),
(1897, 'Guy Lessertisseur'),
(1898, 'Benoît Lestang'),
(1899, 'Jean-Xavier de Lestrade'),
(1900, 'Jean-Paul Le Tarare'),
(1901, 'François Leterrier'),
(1902, 'Louis Leterrier'),
(1903, 'Grégory Levasseur'),
(1904, 'Jan-Luck Levasseur'),
(1905, 'Alain Levent'),
(1906, 'Jean-Louis Levi-Alvarès'),
(1907, 'Michel Léviant'),
(1908, 'Guillaume Levil'),
(1909, 'François Lévy-Kuentz'),
(1910, 'Bernard-Henri Lévy'),
(1911, 'Edmond Lévy'),
(1912, 'Laurent Lévy'),
(1913, 'Patrick Levy'),
(1914, 'Romain Levy'),
(1915, 'Yonathan Levy'),
(1916, 'Rafael Lewandowski'),
(1917, 'Raymond Lewin'),
(1918, 'Marcel L\'Herbier'),
(1919, 'Jean L\'Hôte'),
(1920, 'Jérôme L\'Hotsky'),
(1921, 'André Liabel'),
(1922, 'Louis S. Licot'),
(1923, 'Jean-Christophe Lie'),
(1924, 'Xavier Liébard'),
(1925, 'Hervé Lièvre'),
(1926, 'Jean-Albert Lièvre'),
(1927, 'Pascal Lièvre'),
(1928, 'Philippe Lifchitz'),
(1929, 'Sébastien Lifshitz'),
(1930, 'Jean-Paul Lilienfeld'),
(1931, 'Thomas Lilti'),
(1932, 'Jean-Hugues Lime'),
(1933, 'Jean-Pierre Limosin'),
(1934, 'Jean de Limur'),
(1935, 'Max Linder'),
(1936, 'Pierre Linhart'),
(1937, 'Bernard Lion'),
(1938, 'Roger Lion'),
(1939, 'Guy Lionel'),
(1940, 'Philippe Lioret'),
(1941, 'Jérémie Lippmann'),
(1942, 'Joseph Lisbona'),
(1943, 'Jean-Pierre Lledo'),
(1944, 'Franck Llopis'),
(1945, 'Vincent Lobelle'),
(1946, 'Philippe Locquet'),
(1947, 'Jacques Loew'),
(1948, 'Édouard Logereau'),
(1949, 'Sebastien Loghman'),
(1950, 'Jacques Loiseleux'),
(1951, 'Christophe Loizillon'),
(1952, 'Boris Lojkine'),
(1953, 'Vincent Lombard'),
(1954, 'Jean-Marc Longval'),
(1955, 'Philippe Lopes-Curval'),
(1956, 'Vincent Lorant-Heilbronn'),
(1957, 'Olivier Lorelle'),
(1958, 'Jean-Louis Lorenzi'),
(1959, 'Stellio Lorenzi'),
(1960, 'Lorenzo'),
(1961, 'Guy Loriquet'),
(1962, 'Armel de Lorme'),
(1963, 'Olivier Lorsac'),
(1964, 'Lortac'),
(1965, 'Alfred Lot'),
(1966, 'Éli Lotar'),
(1967, 'Camille Lotteau'),
(1968, 'Nabil Louaar'),
(1969, 'Jean Loubignac'),
(1970, 'Frédéric Louf'),
(1971, 'Eugène Lourié'),
(1972, 'Claude Loursais'),
(1973, 'Olivier Loustau'),
(1974, 'Arnaud Louvet'),
(1975, 'Vincent Lowy'),
(1976, 'William Lubtchansky'),
(1977, 'Elio Lucantonio'),
(1978, 'Julien Lucas'),
(1979, 'François Luciani'),
(1980, 'René Lucot'),
(1981, 'André Luguet'),
(1982, 'Luitz-Morat'),
(1983, 'Louis Lumière'),
(1984, 'Georges Luneau'),
(1985, 'François Lunel'),
(1986, 'Édouard Luntz'),
(1987, 'Jean Luret'),
(1988, 'Teddy Lussi-Modeste'),
(1989, 'Laurent Lutaud'),
(1990, 'Alex Lutz'),
(1991, 'John Lvoff'),
(1992, 'Stéphane Ly-Cuong'),
(1993, 'Moïse Maatouk'),
(1994, 'Adrian Maben'),
(1995, 'Vincent Macaigne'),
(1996, 'Chris Macari'),
(1997, 'Jean Mach'),
(1998, 'Alfred Machin'),
(1999, 'Paul Madeux'),
(2000, 'Sylvain Madigan'),
(2001, 'Mark Maggiori'),
(2002, 'Julien Magnat'),
(2003, 'Grégory Magne'),
(2004, 'Claude Magnier'),
(2005, 'Franck Magnier'),
(2006, 'Pierre Magnier'),
(2007, 'Henri Mahé'),
(2008, 'Albert Mahuzier'),
(2009, 'Jean Mailland'),
(2010, 'Dominique Maillet'),
(2011, 'Jacques Maillot'),
(2012, 'Gilles de Maistre'),
(2013, 'Claude Makovski'),
(2014, 'Patrick Malakian'),
(2015, 'Guillaume Malandrin'),
(2016, 'Stéphane Malandrin'),
(2017, 'Bernard Malaterre'),
(2018, 'Jacques Malaterre'),
(2019, 'Michel Malaussena'),
(2020, 'Christophe Malavoy'),
(2021, 'Jean Maley'),
(2022, 'Arnaud Malherbe'),
(2023, 'Jean Malige'),
(2024, 'Alain Maline'),
(2025, 'Louis Malle'),
(2026, 'Denis Malleval'),
(2027, 'André Malraux'),
(2028, 'Jean Mamy'),
(2029, 'Marcel Manchez'),
(2030, 'Franck Mancuso'),
(2031, 'Bertrand Mandico'),
(2032, 'Eduardo Manet'),
(2033, 'Damien Manivel'),
(2034, 'Harold Manning'),
(2035, 'Jean Manoussi'),
(2036, 'Foued Mansour'),
(2037, 'Jacques Manuel'),
(2038, 'René Manzor'),
(2039, 'Naël Marandin'),
(2040, 'Jean Marbœuf'),
(2041, 'Marc\'O'),
(2042, 'Pierre Marcel'),
(2043, 'Dominique Marchais'),
(2044, 'Olivier Marchal'),
(2045, 'Gilles Marchand'),
(2046, 'Jean-Pierre Marchand'),
(2047, 'Stéphane Marchetti'),
(2048, 'Anthony Marciano'),
(2049, 'Yvon Marciano'),
(2050, 'Florent Marcie'),
(2051, 'Rodolphe Marconi'),
(2052, 'Michel Mardore'),
(2053, 'François Margolin'),
(2054, 'Jean de Marguenat'),
(2055, 'Guy Maria'),
(2056, 'Maurice Mariaud'),
(2057, 'Damien Maric'),
(2058, 'Edgar Marie'),
(2059, 'Vincent Mariette'),
(2060, 'Chris Marker'),
(2061, 'Jean-Bernard Marlin'),
(2062, 'Sébastien Marnier'),
(2063, 'Pierre Marodon'),
(2064, 'Christian Marquand'),
(2065, 'Alberto Marquardt'),
(2066, 'Sébastien Marqué'),
(2067, 'Paul Marques Duarte'),
(2068, 'Benjamin Marquet'),
(2069, 'Georges Marret'),
(2070, 'Charlie Mars'),
(2071, 'Maurice de Marsan'),
(2072, 'Lucien-Charles Marsoudet'),
(2073, 'Martin Bourboulon'),
(2074, 'Hervé Martin-Delpierre'),
(2075, 'Richard Martin-Jordan'),
(2076, 'Pierre-François Martin-Laval'),
(2077, 'André Martin');
INSERT INTO `director` (`id`, `name`) VALUES
(2078, 'Éric Martin'),
(2079, 'Marcel Martin'),
(2080, 'Patrice Martineau'),
(2081, 'Philippe Martinez'),
(2082, 'Bernard Martino'),
(2083, 'Didier Martiny'),
(2084, 'Marvin Lee Price'),
(2085, 'Gérard Marx'),
(2086, 'Jean Mascolo'),
(2087, 'Guillaume Massart'),
(2088, 'Eddy Matalon'),
(2089, 'Raphaël Mathié'),
(2090, 'Léon Mathot'),
(2091, 'Pierre Matteuzzi'),
(2092, 'Charles Matton'),
(2093, 'Charles Maudru'),
(2094, 'Pierre Maudru'),
(2095, 'Allan Mauduit'),
(2096, 'Rémi Mauger'),
(2097, 'Laurent Maurel'),
(2098, 'Marc Maurette'),
(2099, 'Clément Maurice'),
(2100, 'Julien Maury'),
(2101, 'Nicolas Maury'),
(2102, 'Ivan Maussion'),
(2103, 'Maxime Pinchaud'),
(2104, 'Antoine de Maximy'),
(2105, 'Lucien Mayrargue'),
(2106, 'Alain Mazars'),
(2107, 'Robert Mazoyer'),
(2108, 'Antoine de Meaux'),
(2109, 'Charles de Meaux'),
(2110, 'Lazare Meerson'),
(2111, 'Megaforce'),
(2112, 'Olivier Megaton'),
(2113, 'Emmanuel Meirieu'),
(2114, 'Gaston Méliès'),
(2115, 'Georges Méliès'),
(2116, 'Jean-Pierre Melville'),
(2117, 'Patrick Menais'),
(2118, 'Kévin Mendiboure'),
(2119, 'Filippo Meneghetti'),
(2120, 'Robert Ménégoz'),
(2121, 'Henri Ménessier'),
(2122, 'Bernard Ménez'),
(2123, 'Cyril Mennegun'),
(2124, 'Quentin Merabet'),
(2125, 'Kad Merad'),
(2126, 'Louis Mercanton'),
(2127, 'Mario Mercier'),
(2128, 'Nicolas Mercier'),
(2129, 'Alessandro Mercuri'),
(2130, 'Charles Méré'),
(2131, 'Pierre Méré'),
(2132, 'Pierre Merejkowsky'),
(2133, 'Víctor Merenda'),
(2134, 'Bruno Merle'),
(2135, 'François Merlet'),
(2136, 'Christian Merlhiot'),
(2137, 'Laurent Merlin'),
(2138, 'Christian Merret-Palmair'),
(2139, 'William Mesguich'),
(2140, 'Paul Mesnier'),
(2141, 'Charles Messaoudi'),
(2142, 'Éric Métayer'),
(2143, 'Stéphane Metge'),
(2144, 'Jean-Charles Meunier'),
(2145, 'Jean-Henri Meunier'),
(2146, 'Louis Meunier'),
(2147, 'Patrick Meunier'),
(2148, 'Pierre Meunier'),
(2149, 'Stéphane Meunier'),
(2150, 'Jean-Christophe Meurisse'),
(2151, 'Jean Meyer'),
(2152, 'Pierre Meynadier'),
(2153, 'Serge Meynard'),
(2154, 'Olivier Meyrou'),
(2155, 'Dominique Mézerette'),
(2156, 'Pierre Mezerette'),
(2157, 'Alexis Miansarow'),
(2158, 'Alexis Michalik'),
(2159, 'Ambroise Michel'),
(2160, 'André Michel'),
(2161, 'Clément Michel'),
(2162, 'Alexandre Michon'),
(2163, 'Valerio Mieli'),
(2164, 'Jean-Luc Miesch'),
(2165, 'Vivian Miessen'),
(2166, 'Pascal Mieszala'),
(2167, 'Bertrand Migeat'),
(2168, 'François Migeat'),
(2169, 'Jean-Paul Mignot'),
(2170, 'Radu Mihaileanu'),
(2171, 'Jean-Louis Milesi'),
(2172, 'Patrick Mille'),
(2173, 'Claude Miller'),
(2174, 'Nathan Miller'),
(2175, 'Raphaël Millet'),
(2176, 'Gilles Mimouni'),
(2177, 'Patrick Mimouni'),
(2178, 'Hervé Mimran'),
(2179, 'Igor Minaiev'),
(2180, 'Jean-Marc Minéo'),
(2181, 'Alain Minier'),
(2182, 'Yves Mirande'),
(2183, 'Orso Miret'),
(2184, 'Karim Miské'),
(2185, 'Jean-Claude Missiaen'),
(2186, 'Michel Mitrani'),
(2187, 'Noël Mitrani'),
(2188, 'Jean Mitry'),
(2189, 'Jacques Mitsch'),
(2190, 'Serge Moati'),
(2191, 'Gaël Mocaër'),
(2192, 'Jean-Claude Mocik'),
(2193, 'Jean-Pierre Mocky'),
(2194, 'Léonide Moguy'),
(2195, 'Alexandre Moix'),
(2196, 'Yann Moix'),
(2197, 'Nadir Moknèche'),
(2198, 'Xabi Molia'),
(2199, 'Édouard Molinaro'),
(2200, 'Henri Moline'),
(2201, 'Dominik Moll'),
(2202, 'Georges Monca'),
(2203, 'Alexis Monchovet'),
(2204, 'Jean-Baptiste Mondino'),
(2205, 'Pierre Mondy'),
(2206, 'Dominique Monféry'),
(2207, 'Alain Monne'),
(2208, 'Jacques Monnet'),
(2209, 'Marc Monnet'),
(2210, 'Vincent Monnet'),
(2211, 'Philippe Monnier'),
(2212, 'Sylvain Monod'),
(2213, 'Bruno Monsaingeon'),
(2214, 'Philippe Monsel'),
(2215, 'Éric de Montalier'),
(2216, 'Pierre Montazel'),
(2217, 'Olivier Montoro'),
(2218, 'Vincent Moon'),
(2219, 'Alexandre Moors'),
(2220, 'Daniel Moosmann'),
(2221, 'Francis Morane'),
(2222, 'Joseph Morder'),
(2223, 'Gérard Mordillat'),
(2224, 'David Moreau'),
(2225, 'Gaël Morel'),
(2226, 'Olivier Morel'),
(2227, 'Pierre Morel'),
(2228, 'Pascal Morelli'),
(2229, 'François Moreuil'),
(2230, 'Isy Morgensztern'),
(2231, 'Camille de Morlhon'),
(2232, 'Morsay'),
(2233, 'Jean-Pierre Moscardo'),
(2234, 'Ivan Mosjoukine'),
(2235, 'Luc Moullet'),
(2236, 'Emmanuel Mouret'),
(2237, 'Davy Mourier'),
(2238, 'Claude Mouriéras'),
(2239, 'Antoine Mourre'),
(2240, 'Jean Mousselle'),
(2241, 'Marcel Moussy'),
(2242, 'Norbert Moutier'),
(2243, 'Jean-Marc Moutout'),
(2244, 'Guy Mouyal'),
(2245, 'Jean-Jacques Mrejen'),
(2246, 'Bruno Muel'),
(2247, 'Jean Mugeli'),
(2248, 'Jean-Luc Muller'),
(2249, 'Michel Muller'),
(2250, 'Claude Mulot'),
(2251, 'Ramón Muñoz'),
(2252, 'Michel Munz'),
(2253, 'Bernard Murat'),
(2254, 'Bruno Muschio'),
(2255, 'Régis Musset'),
(2256, 'Jeff Musso'),
(2257, 'Philippe Muyl'),
(2258, 'Emmanuel Naccache'),
(2259, 'Gilles Nadeau'),
(2260, 'Serge Nadejdine'),
(2261, 'Raphaël Nadjari'),
(2262, 'Chris Nahon'),
(2263, 'Alain Nahum'),
(2264, 'Jacques Nahum'),
(2265, 'Charles Najman'),
(2266, 'Olivier Nakache'),
(2267, 'Lova Nantenaina'),
(2268, 'Oren Nataf'),
(2269, 'Jacques Natanson'),
(2270, 'Costa Natsis'),
(2271, 'Gédéon Naudet'),
(2272, 'Jules Naudet'),
(2273, 'Bernard Nauer'),
(2274, 'Alain Nauroy'),
(2275, 'Cheikh N\'diaye'),
(2276, 'Raphaël Neal'),
(2277, 'Safy Nebbou'),
(2278, 'Charles Nemes'),
(2279, 'Michel Nerval'),
(2280, 'Robert de Nesle'),
(2281, 'Pierre Neurrisse'),
(2282, 'Philippe Niang'),
(2283, 'Jacques Nichet'),
(2284, 'Olivier Nicklaus'),
(2285, 'Guillaume Nicloux'),
(2286, 'Nicolas Blies et Stéphane Hueber-Blies'),
(2287, 'Nicolas et Bruno'),
(2288, 'Cédric Nicolas-Troyan'),
(2289, 'Fred Nicolas'),
(2290, 'Marc Nicolas'),
(2291, 'Romain Nicolas'),
(2292, 'Frank Nicotra'),
(2293, 'Francis Nielsen'),
(2294, 'Édouard Niermans'),
(2295, 'Didier Nion'),
(2296, 'Yvan Noé'),
(2297, 'Olivier Nolin'),
(2298, 'Jacques Nolot'),
(2299, 'Lucien Nonguet'),
(2300, 'Vincent Nordon'),
(2301, 'Bertrand Normand'),
(2302, 'Diran Noubar'),
(2303, 'Marcelo Novais Teles'),
(2304, 'Ioanis Nuguet'),
(2305, 'Claude Nuridsany'),
(2306, 'Bruno Nuytten'),
(2307, 'Thierry Obadia'),
(2308, 'Hector Obalk'),
(2309, 'Raphael O\'Byrne'),
(2310, 'Damien Odoul'),
(2311, 'David Oelhoffen'),
(2312, 'Vincent Ohl'),
(2313, 'Guy Olivier'),
(2314, 'Fabien Onteniente'),
(2315, 'Marcel Ophüls'),
(2316, 'Max Ophüls'),
(2317, 'Mathieu Orcel'),
(2318, 'Orelsan'),
(2319, 'Matthieu Orléan'),
(2320, 'Antoine d\'Ormesson'),
(2321, 'Pascal Ortega'),
(2322, 'Claude Orval'),
(2323, 'F. J. Ossang'),
(2324, 'Paul Otchakovsky-Laurens'),
(2325, 'Manuel Otéro'),
(2326, 'Santiago Otheguy'),
(2327, 'Claude Othnin-Girard'),
(2328, 'Jacques Otmezguine'),
(2329, 'Christophe Otzenberger'),
(2330, 'Jacques Ouaniche'),
(2331, 'Gérard Oury'),
(2332, 'François Ozon'),
(2333, 'Alain Page'),
(2334, 'Luc Pagès'),
(2335, 'Marcello Pagliero'),
(2336, 'Marcel Pagnol'),
(2337, 'Loïc Paillard'),
(2338, 'Jean Painlevé'),
(2339, 'Bernard Palacios'),
(2340, 'Jean-Marie Pallardy'),
(2341, 'Georges Pallu'),
(2342, 'Francis Palluau'),
(2343, 'Hervé Palud'),
(2344, 'Xavier Palud'),
(2345, 'Louis Panassié'),
(2346, 'Olivier Panchot'),
(2347, 'Rithy Panh'),
(2348, 'Jacques Panijel'),
(2349, 'Robert Pansard-Besson'),
(2350, 'Charles Paolini'),
(2351, 'Nikos Papatakis'),
(2352, 'Gilles Paquet-Brenner'),
(2353, 'Kahyan Parandi'),
(2354, 'Michel Parbot'),
(2355, 'Benjamin Parent'),
(2356, 'Denis Parent'),
(2357, 'Nicolas Pariser'),
(2358, 'Ian Parovel'),
(2359, 'Emmanuel Parraud'),
(2360, 'Philippe Parreno'),
(2361, 'Arnold de Parscau'),
(2362, 'Michel Pascal'),
(2363, 'Arnold Pasquier'),
(2364, 'Gérard Patris'),
(2365, 'Maciej Patronik'),
(2366, 'Bernard Paul'),
(2367, 'Jean-Paul Paulin'),
(2368, 'Marco Pauly'),
(2369, 'Rodolphe Pauly'),
(2370, 'Christian Paureilhe'),
(2371, 'Bernard Pavelek'),
(2372, 'Paul Paviot'),
(2373, 'Alain Payet'),
(2374, 'Manu Payet'),
(2375, 'Max Pécas'),
(2376, 'Georges Péclet'),
(2377, 'Benoît Peeters'),
(2378, 'Robert Péguy'),
(2379, 'Vanya Peirani-Vignes'),
(2380, 'Michel Peissel'),
(2381, 'Tom de Pékin'),
(2382, 'Frédéric Pelle'),
(2383, 'André Pellenc'),
(2384, 'Serge Pénard'),
(2385, 'Artus de Penguern'),
(2386, 'Olivier Péray'),
(2387, 'Jacques Perconte'),
(2388, 'Jean Perdrix'),
(2389, 'Antonin Peretjatko'),
(2390, 'Thierry de Peretti'),
(2391, 'Jean-Louis Pérez'),
(2392, 'André Pergament'),
(2393, 'André Périé'),
(2394, 'Jean-Marie Périer'),
(2395, 'Jean-Gabriel Périot'),
(2396, 'Jean Périssé'),
(2397, 'Alain Périsson'),
(2398, 'Hervé Pernot'),
(2399, 'David Perrault'),
(2400, 'Laurent Perreau'),
(2401, 'Gilles Perret'),
(2402, 'Léonce Perret'),
(2403, 'Dominique Perrier'),
(2404, 'Francis Perrin'),
(2405, 'Jacques Perrin'),
(2406, 'Laurent Perrin'),
(2407, 'Jean-Philippe Perrot'),
(2408, 'Michaël Perrotta'),
(2409, 'Boris Peskine'),
(2410, 'Julien Pestel'),
(2411, 'Louis-Julien Petit'),
(2412, 'Valentin Petit'),
(2413, 'Marc Petitjean'),
(2414, 'Benoît Pétré'),
(2415, 'Boris Pétric'),
(2416, 'Olivier Peyon'),
(2417, 'Franck Phelizon'),
(2418, 'Christian Philibert'),
(2419, 'Nicolas Philibert'),
(2420, 'Pierre Philippe'),
(2421, 'Mathilde Philippon-Aginski'),
(2422, 'Benoît Philippon'),
(2423, 'Just Philippot'),
(2424, 'Jean-Luc Piacentino'),
(2425, 'Maurice Pialat'),
(2426, 'Yves Piat'),
(2427, 'Nicolas Picard-Dreyfuss'),
(2428, 'Claude Picasso'),
(2429, 'Michel Piccoli'),
(2430, 'Marco Pico'),
(2431, 'Stéphane Piera'),
(2432, 'Frédéric Pieretti'),
(2433, 'Pierre-Louis'),
(2434, 'Claude Pierson'),
(2435, 'Roger Pigaut'),
(2436, 'Albert Pigot'),
(2437, 'Philippe Pilard'),
(2438, 'Joska Pilissy'),
(2439, 'Alex Pilot'),
(2440, 'Pierre Pinaud'),
(2441, 'Gilbert Pineau'),
(2442, 'Vincent Pinel'),
(2443, 'José Pinheiro'),
(2444, 'Guy Pinon'),
(2445, 'Claude Pinoteau'),
(2446, 'Jack Pinoteau'),
(2447, 'Serge Piollet'),
(2448, 'Sylvain Pioutaz'),
(2449, 'Yann Piquer'),
(2450, 'Gérard Pirès'),
(2451, 'Eugène Pirou'),
(2452, 'Marianne Pistone'),
(2453, 'Michael Pitiot'),
(2454, 'Pitof'),
(2455, 'Jérôme Pitorin'),
(2456, 'Jean-Yves Pitoun'),
(2457, 'Juan Pittaluga'),
(2458, 'Éric Pittard'),
(2459, 'Camille Plagnet'),
(2460, 'Paul Planchon'),
(2461, 'Roger Planchon'),
(2462, 'Olivier de Plas'),
(2463, 'Pascal Plisson'),
(2464, 'Raoul Ploquin'),
(2465, 'Bruno Podalydès'),
(2466, 'Denis Podalydès'),
(2467, 'Maurice Poggi'),
(2468, 'Didier Poiraud'),
(2469, 'Thierry Poiraud'),
(2470, 'Jean-Marie Poiré'),
(2471, 'Jean Poiret'),
(2472, 'Léon Poirier'),
(2473, 'Manuel Poirier'),
(2474, 'Benoît Poisson'),
(2475, 'Gérard Poitou-Weber'),
(2476, 'Jacques Poitrenaud'),
(2477, 'Michel Polac'),
(2478, 'Roman Polanski'),
(2479, 'Serge de Poligny'),
(2480, 'Serge Poljinsky'),
(2481, 'Renan Pollès'),
(2482, 'Philippe Pollet-Villard'),
(2483, 'Jean-Daniel Pollet'),
(2484, 'Ruddy Pomarède'),
(2485, 'Daniel Pommereulle'),
(2486, 'Laurent Poncelet'),
(2487, 'Luc Ponette'),
(2488, 'Christophe de Ponfilly'),
(2489, 'Léo Pons'),
(2490, 'Maurice Pons'),
(2491, 'Olivier Pont'),
(2492, 'François Porcile'),
(2493, 'Gilles Porte'),
(2494, 'Gérard Poteau'),
(2495, 'Jean-Paul Potonet'),
(2496, 'Alexandre Pottier'),
(2497, 'Richard Pottier'),
(2498, 'Philippe Pouchain'),
(2499, 'Riou Pouchain'),
(2500, 'Henri Pouctal'),
(2501, 'Hugues Poulain'),
(2502, 'Éric Poulet'),
(2503, 'Fred Poulet'),
(2504, 'Melvil Poupaud'),
(2505, 'Robert Pouret'),
(2506, 'Jean Pourtalé'),
(2507, 'Christian Poveda'),
(2508, 'Manuel Pradal'),
(2509, 'Pierre Pradinas'),
(2510, 'Roger Pradines'),
(2511, 'Jean Prat'),
(2512, 'Michaël Prazan'),
(2513, 'Pierre Prévert'),
(2514, 'Jean-Pierre Prévost'),
(2515, 'François Prévôt-Leygonie'),
(2516, 'Jérôme Prieur'),
(2517, 'Vincent Primault'),
(2518, 'Charles Prince'),
(2519, 'Gilbert Prouteau'),
(2520, 'Martin Provost'),
(2521, 'Jean-Jacques Prunès'),
(2522, 'Max Pugh'),
(2523, 'Philippe Puicouyoul'),
(2524, 'René Pujol'),
(2525, 'Gérard Pullicino'),
(2526, 'Olivier Py'),
(2527, 'Alain Quercy'),
(2528, 'David Quesemand'),
(2529, 'Bernard Queysanne'),
(2530, 'Roland Quignon'),
(2531, 'Gaston Quiribet'),
(2532, 'Frédéric Quiring'),
(2533, 'Romain Quirot'),
(2534, 'François Rabaté'),
(2535, 'Pascal Rabaté'),
(2536, 'Benjamin Rabier'),
(2537, 'Maté Rabinovsky'),
(2538, 'Guillaume Radot'),
(2539, 'Nicolas Ragni'),
(2540, 'Thierry Ragobert'),
(2541, 'Atiq Rahimi'),
(2542, 'Antoine Raimbault'),
(2543, 'Pierre-Loup Rajot'),
(2544, 'Julien Rambaldi'),
(2545, 'Pierre Rambaldi'),
(2546, 'Pascal Rambert'),
(2547, 'Willy Rameau'),
(2548, 'Pierre Ramelot'),
(2549, 'Noël Ramettre'),
(2550, 'Philippe Ramos'),
(2551, 'François Raoul-Duval'),
(2552, 'Alain Raoust'),
(2553, 'Bernard Rapp'),
(2554, 'Jean-Paul Rappeneau'),
(2555, 'Benjamin Rassat'),
(2556, 'Georges Raulet'),
(2557, 'Vincent Ravalec'),
(2558, 'Gaston Ravel'),
(2559, 'Jean-Pierre Rawson'),
(2560, 'J.K. Raymond-Millet'),
(2561, 'Martial Raysse'),
(2562, 'Philippe Rebbot'),
(2563, 'Patrick Rebeaud'),
(2564, 'Raphaël Rebibo'),
(2565, 'François Reczulski'),
(2566, 'Thierry Redler'),
(2567, 'Benoît Reeves'),
(2568, 'Maurice Régamey'),
(2569, 'Simon Reggiani'),
(2570, 'Georges Régnier'),
(2571, 'Pierre Rehov'),
(2572, 'François Reichenbach'),
(2573, 'Antoine Reinartz'),
(2574, 'Emil-Edwin Reinert'),
(2575, 'Fabien Remblier'),
(2576, 'Jacques Rémy'),
(2577, 'Pierre Rémy'),
(2578, 'Yves et Ada Rémy'),
(2579, 'Jacques Renard'),
(2580, 'Francis Renaud'),
(2581, 'Pascal Rénéric'),
(2582, 'Hervé Renoh'),
(2583, 'Jean Renoir'),
(2584, 'Robin Renucci'),
(2585, 'Alain Resnais'),
(2586, 'Pascal Rétif'),
(2587, 'Bernard Revon'),
(2588, 'Jérôme Revon'),
(2589, 'Nicolas Rey'),
(2590, 'Jérôme Reybaud'),
(2591, 'Émile Reynaud'),
(2592, 'Quentin Reynaud'),
(2593, 'Jean-Michel Ribes'),
(2594, 'Guillaume Ribot'),
(2595, 'Mathieu Riboulet'),
(2596, 'Nicolas Ribowski'),
(2597, 'Colas Ricard'),
(2598, 'Jacques Richard'),
(2599, 'Jean-Louis Richard'),
(2600, 'Jean-Pierre Richard'),
(2601, 'Nicolas Richard'),
(2602, 'Olivier Richard'),
(2603, 'Pierre Richard'),
(2604, 'Roger Richebé'),
(2605, 'Lionel Richerand'),
(2606, 'Jean-François Richet'),
(2607, 'René Richon'),
(2608, 'Albert Riéra'),
(2609, 'Max de Rieux'),
(2610, 'Francis Rigaud'),
(2611, 'Sylvain Rigollot'),
(2612, 'Carlo Rim'),
(2613, 'Nicolas Rimsky'),
(2614, 'Alain Riou'),
(2615, 'Yves Riou'),
(2616, 'Pierre Rissient'),
(2617, 'Fernand Rivers'),
(2618, 'Jacques Rivette'),
(2619, 'Marc Rivière'),
(2620, 'Alain Robak'),
(2621, 'Alain Robbe-Grillet'),
(2622, 'Stéphane Robelin'),
(2623, 'Jean-Denis Robert'),
(2624, 'Yves Robert'),
(2625, 'Théo Robichet'),
(2626, 'Alexandra Robin'),
(2627, 'Jacques Robin'),
(2628, 'Jacques Robiolles'),
(2629, 'Éric Rochant'),
(2630, 'Éric Rochat'),
(2631, 'Charles de Rochefort'),
(2632, 'Jean Rochefort'),
(2633, 'Benjamin Rocher'),
(2634, 'Dominique Rocher'),
(2635, 'Alfred Rode'),
(2636, 'Fabrice Roger-Lacan'),
(2637, 'Jean-Henri Roger'),
(2638, 'Jean-Claude Rogliano'),
(2639, 'Bahram Rohani'),
(2640, 'Éric Rohmer'),
(2641, 'Régis Roinsard'),
(2642, 'Roland-Bernard'),
(2643, 'Bernard Roland'),
(2644, 'Bruno Rolland'),
(2645, 'Georges Rollin'),
(2646, 'Jean Rollin'),
(2647, 'Philippe Roman'),
(2648, 'Claude-Michel Rome'),
(2649, 'Bruno Romy'),
(2650, 'Samuel Rondière'),
(2651, 'Maurice Ronet'),
(2652, 'Jean-Pierre Ronssin'),
(2653, 'Gabriel Rosca'),
(2654, 'Jean-Christophe Rosé'),
(2655, 'Harry Roselmack'),
(2656, 'Rudi Rosenberg'),
(2657, 'Bernard Rosselli'),
(2658, 'Raoul Rossi'),
(2659, 'Sébastien Rossi'),
(2660, 'Frédéric Rossif'),
(2661, 'Philippe Rostan'),
(2662, 'Laurent Roth'),
(2663, 'Christian Rouaud'),
(2664, 'Paul de Roubaix'),
(2665, 'André Roubaud'),
(2666, 'Simon Rouby'),
(2667, 'Jean Rouch'),
(2668, 'Gaston Roudès'),
(2669, 'Marc-Antoine Roudil'),
(2670, 'Jacques Rouffio'),
(2671, 'Jean Rougeron'),
(2672, 'Jean Rougeul'),
(2673, 'Raymond Rouleau'),
(2674, 'Dominique Roulet'),
(2675, 'Serge Roullet'),
(2676, 'Georges Rouquier'),
(2677, 'Jacques Roure'),
(2678, 'Jean-Claude Rousseau'),
(2679, 'Émile Roussel'),
(2680, 'Gilbert Roussel'),
(2681, 'Henry Roussell'),
(2682, 'Philippe Rousselot'),
(2683, 'Pierre Roustang'),
(2684, 'Charles-Antoine de Rouvre'),
(2685, 'Anthony Roux'),
(2686, 'David Roux'),
(2687, 'François Roux'),
(2688, 'Jean-Michel Roux'),
(2689, 'Jean-Paul Roux'),
(2690, 'Jean Rouzaud'),
(2691, 'Thomas Roy-Laurent'),
(2692, 'André Roy'),
(2693, 'Jean-Claude Roy'),
(2694, 'Michel Royer'),
(2695, 'François Royet'),
(2696, 'Matthieu Rozé'),
(2697, 'Jean-Claude Rozec'),
(2698, 'Lucien Rozenberg'),
(2699, 'Jacques Rozier'),
(2700, 'Willy Rozier'),
(2701, 'Jean-Marc Rudnicki'),
(2702, 'Christophe Ruggia'),
(2703, 'François Ruggieri'),
(2704, 'Raoul Ruiz'),
(2705, 'Run'),
(2706, 'Jacques Rutman'),
(2707, 'Stéphane Rybojad'),
(2708, 'Alexandre Ryder'),
(2709, 'Marc Rylewski'),
(2710, 'Hervé Ryssen'),
(2711, 'Nicolas Saada'),
(2712, 'Fabrice Sabre'),
(2713, 'Jean Sacha'),
(2714, 'Marc Saez'),
(2715, 'Henri Safran'),
(2716, 'Olivier Sagne'),
(2717, 'Jean Sagols'),
(2718, 'Robert Saidreau'),
(2719, 'Yannick Saillet'),
(2720, 'Grégoire Saint Pierre'),
(2721, 'Jan Saint-Hamont'),
(2722, 'Bernard Saint-Jacques'),
(2723, 'Jodel Saint-Marc'),
(2724, 'Christian de Saint-Maurice'),
(2725, 'Jean-Pierre Saire'),
(2726, 'Henri Sala'),
(2727, 'Kamel Saleh'),
(2728, 'Pierre-Henri Salfati'),
(2729, 'Laurent Salgues'),
(2730, 'Édouard Salier'),
(2731, 'Robert Salis'),
(2732, 'Jérôme Salle'),
(2733, 'Pierre Saloff-Coste'),
(2734, 'Franck Salomé'),
(2735, 'Jean-Paul Salomé'),
(2736, 'Martial Salomon'),
(2737, 'Roger Saltel'),
(2738, 'Thomas Salvador'),
(2739, 'Pierre Salvadori'),
(2740, 'Albert Samama-Chikli'),
(2741, 'Julien Samani'),
(2742, 'Srinath Samarasinghe'),
(2743, 'Samivel'),
(2744, 'Yann Samuell'),
(2745, 'San Bartolomé'),
(2746, 'Manuel Sanchez'),
(2747, 'Dirk Sanders'),
(2748, 'Gérard Sandoz'),
(2749, 'Patrick Sandrin'),
(2750, 'Raoul Sangla'),
(2751, 'Jacques Santamaria'),
(2752, 'Antoine Santana'),
(2753, 'Claude Santelli'),
(2754, 'Jacques Santi'),
(2755, 'Joël Santoni'),
(2756, 'Mathieu Sapin'),
(2757, 'Thierry Sapyn'),
(2758, 'Guy Saguez'),
(2759, 'Éric Sarner'),
(2760, 'Jean-Paul Sassy'),
(2761, 'Riad Sattouf'),
(2762, 'Régis Sauder'),
(2763, 'Jean-Pierre Sauné'),
(2764, 'Frédéric Saurel'),
(2765, 'Jacques-René Saurel'),
(2766, 'Étienne Sauret'),
(2767, 'Claude Sautet'),
(2768, 'André Sauvage'),
(2769, 'Jean-Stéphane Sauvaire'),
(2770, 'Marc-Gilbert Sauvajon'),
(2771, 'Philippe Sauve'),
(2772, 'Frédéric Sauzay'),
(2773, 'Robinson Savary'),
(2774, 'Patrick Savey'),
(2775, 'Jean-Paul Savignac'),
(2776, 'Tony Saytor'),
(2777, 'Jacques Scandelari'),
(2778, 'Olivier Schatzky'),
(2779, 'Bertrand Schefer'),
(2780, 'Jean Schmidt'),
(2781, 'Bernard Schmitt'),
(2782, 'Éric-Emmanuel Schmitt'),
(2783, 'Clément Schneider'),
(2784, 'Franck Schneider'),
(2785, 'Henri Schneider'),
(2786, 'Michael Schock'),
(2787, 'Pierre Schoeller'),
(2788, 'Frédéric Schoendoerffer'),
(2789, 'Pierre Schoendoerffer'),
(2790, 'Antoine Schoumsky'),
(2791, 'Barbet Schroeder'),
(2792, 'Patrick Schulmann'),
(2793, 'Tristan Schulmann'),
(2794, 'Pierre Schumacher'),
(2795, 'Pierre Schwab'),
(2796, 'Marc Scialom'),
(2797, 'Romuald Sciora'),
(2798, 'Jean-Marc Seban'),
(2799, 'Paul Seban'),
(2800, 'Thierry Sebban'),
(2801, 'Cyril Sebas'),
(2802, 'Patrick Sébastien'),
(2803, 'Denis Sebbah'),
(2804, 'Edmond Séchan'),
(2805, 'Stéphane Secq'),
(2806, 'Thierry Secretan'),
(2807, 'Stéphane Sednaoui'),
(2808, 'Alain de Sédouy'),
(2809, 'Abraham Segal'),
(2810, 'Patrick Segal'),
(2811, 'Raymond Segard'),
(2812, 'Ludovic Segarra'),
(2813, 'Romain Segaud'),
(2814, 'Bruno Seillier'),
(2815, 'Igor Sékulic'),
(2816, 'Talal Selhami'),
(2817, 'Arnaud Sélignac'),
(2818, 'Julien Selleron'),
(2819, 'José Sellier Loup'),
(2820, 'Jaime Semprun'),
(2821, 'Guillaume Senez'),
(2822, 'Daniel Serceau'),
(2823, 'Jean-Pierre Sergent'),
(2824, 'Julien Seri'),
(2825, 'Joël Séria'),
(2826, 'Reza Serkanian'),
(2827, 'Laurent Seroussi'),
(2828, 'Ernest Servaes'),
(2829, 'Pierrick Servais'),
(2830, 'Patrick Séry'),
(2831, 'Jérôme Sesquin'),
(2832, 'Philippe Setbon'),
(2833, 'Bruno Sevaistre'),
(2834, 'Jacques Séverac'),
(2835, 'Joann Sfar'),
(2836, 'Philippe Sfez'),
(2837, 'Phil Sfezzywan'),
(2838, 'Raffy Shart'),
(2839, 'Michel Sibra'),
(2840, 'Julien Sicard'),
(2841, 'Pascal Sid'),
(2842, 'Maka Sidibé'),
(2843, 'Siegfried'),
(2844, 'Mohamed Sifaoui'),
(2845, 'Nicolas Silhol'),
(2846, 'Gaston Silvestre'),
(2847, 'Marc Simenon'),
(2848, 'Jean-Daniel Simon'),
(2849, 'Morgan Simon'),
(2850, 'Mathieu Simonet'),
(2851, 'Léopold Simons'),
(2852, 'Noël Simsolo'),
(2853, 'Jean-Pierre Sinapi'),
(2854, 'Christophe Sirchis'),
(2855, 'Florent-Emilio Siri'),
(2856, 'Jean-Étienne Siry'),
(2857, 'Philippe Sisbane'),
(2858, 'Pierre Sisser'),
(2859, 'Grégoire Sivan'),
(2860, 'Jean de Size'),
(2861, 'Louis Skorecki'),
(2862, 'Bernard Sobel'),
(2863, 'Colin Solal Cardo'),
(2864, 'Joel Soler'),
(2865, 'Bruno Solo'),
(2866, 'Andy Sommer'),
(2867, 'Alain Soral'),
(2868, 'Nicola Sornaga'),
(2869, 'Thomas Sorriaux'),
(2870, 'Jérôme Soubeyrand'),
(2871, 'Lewis-Martin Soucy'),
(2872, 'Varante Soudjian'),
(2873, 'Lionel Soukaz'),
(2874, 'Louis Soulanes'),
(2875, 'Arnaud Soulier'),
(2876, 'Roger Souza'),
(2877, 'Henri Spade'),
(2878, 'Michel Spinosa'),
(2879, 'Thierry Spitzer'),
(2880, 'Splat Pack'),
(2881, 'Stanislav Stanojevic'),
(2882, 'Lionel Steketee'),
(2883, 'Jean Stelli'),
(2884, 'Christian Stengel'),
(2885, 'Roch Stéphanik'),
(2886, 'Jean-François Stévenin'),
(2887, 'René Sti'),
(2888, 'Bernard Stora'),
(2889, 'Jean-Marie Straub et Danièle Huillet'),
(2890, 'Jean Streff'),
(2891, 'Manuel von Stürler'),
(2892, 'Styck'),
(2893, 'Fabien Suarez'),
(2894, 'Michel Subiela'),
(2895, 'Elio Suhamy'),
(2896, 'Steve Suissa'),
(2897, 'Éric Summer'),
(2898, 'Michel Sumpf'),
(2899, 'Guillaume Suon'),
(2900, 'Jean-Claude Sussfeld'),
(2901, 'Adolphe Sylvain'),
(2902, 'Thomas Szabo'),
(2903, 'Jeannot Szwarc'),
(2904, 'Jean-Charles Tacchella'),
(2905, 'Djamel Tahi'),
(2906, 'Ivan Taïeb'),
(2907, 'Bernard Tanguy'),
(2908, 'Jean Tarride'),
(2909, 'Alexandre Tarta'),
(2910, 'Alain Tasma'),
(2911, 'Pierre Tasso'),
(2912, 'Jacques Tati'),
(2913, 'Guillaume Tauveron'),
(2914, 'Charles-Félix Tavano'),
(2915, 'Bertrand Tavernier'),
(2916, 'Nils Tavernier'),
(2917, 'Pierre Tchernia'),
(2918, 'Alexandre Tchobanov'),
(2919, 'David Teboul'),
(2920, 'André Téchiné'),
(2921, 'Jean Tedesco'),
(2922, 'Frédéric Tellier'),
(2923, 'Pascal Tessaud'),
(2924, 'Kostia Testut'),
(2925, 'Laurent Teyssier'),
(2926, 'Philippe Théaudière'),
(2927, 'Éric Théobald'),
(2928, 'Dominique Théron'),
(2929, 'Pierre Thévenard'),
(2930, 'Michel Thibaud'),
(2931, 'Patrice Thibaud'),
(2932, 'Thibaut Buccellato'),
(2933, 'Pacôme Thiellement'),
(2934, 'Serge Thiriet'),
(2935, 'Hugo P. Thomas'),
(2936, 'Pascal Thomas'),
(2937, 'Robert Thomas'),
(2938, 'Yves Thomas'),
(2939, 'Richard J. Thomson'),
(2940, 'Jean-Pierre Thorn'),
(2941, 'Denis Thybaud'),
(2942, 'Dominique Tiberi'),
(2943, 'Tilly'),
(2944, 'Patrick Timsit'),
(2945, 'Boramy Tioulong'),
(2946, 'Laurent Tirard'),
(2947, 'Rodolphe Tissot'),
(2948, 'Titof'),
(2949, 'Alain Tixier'),
(2950, 'Michel Toesca'),
(2951, 'Éric Toledano'),
(2952, 'Philippe Toledano'),
(2953, 'David Tomaszewski'),
(2954, 'Mathieu Tonetti'),
(2955, 'Frédéric Tonolli'),
(2956, 'Robert Topart'),
(2957, 'Matthieu Tordeur'),
(2958, 'Jean-Paul Török'),
(2959, 'Henri Torrent'),
(2960, 'Olivier Torres'),
(2961, 'Pascal Tosi'),
(2962, 'Bernard Toublanc-Michel'),
(2963, 'Laurent Touil-Tartour'),
(2964, 'Gérald Touillon'),
(2965, 'Okacha Touita'),
(2966, 'Jean Toulout'),
(2967, 'Philippe Tourancheau'),
(2968, 'Jean Tourane'),
(2969, 'Jacques Tourneur'),
(2970, 'Maurice Tourneur'),
(2971, 'Pierre-Yves Touzot'),
(2972, 'Trần Anh Hùng'),
(2973, 'Gurwann Tran Van Gie'),
(2974, 'Christian Tran'),
(2975, 'Jacques Trébouta'),
(2976, 'Jacques Tréfouël'),
(2977, 'Olivier Treiner'),
(2978, 'Georges Tréville'),
(2979, 'Matthieu Tribes'),
(2980, 'Philippe Triboit'),
(2981, 'Jean-Paul Tribout'),
(2982, 'Georges Trillat'),
(2983, 'Marcel Trillat'),
(2984, 'Vincent Trintignant'),
(2985, 'Pierre Trividic'),
(2986, 'Florent Trochel'),
(2987, 'Jean-Luc Trotignon'),
(2988, 'Marin Troude'),
(2989, 'Fanny Liatard et Jerémy Trouilh'),
(2990, 'Philippe Troyon'),
(2991, 'François Truffaut'),
(2992, 'Roland Tual'),
(2993, 'Laurent Tuel'),
(2994, 'Cyril de Turckheim'),
(2995, 'Gilles de Turenne'),
(2996, 'Mathieu Turi'),
(2997, 'Christophe Turpin'),
(2998, 'Alexandre Tylski'),
(2999, 'André Ughetto'),
(3000, 'Mohamed Ulad-Mohand'),
(3001, 'Kinka Usher'),
(3002, 'Marcos Uzal'),
(3003, 'Bernard Uzan'),
(3004, 'François Uzan'),
(3005, 'Mathieu Vadepied'),
(3006, 'Roger Vadim'),
(3007, 'Martin Valente'),
(3008, 'Jean Valère'),
(3009, 'Éric Valette'),
(3010, 'Jean Vallée'),
(3011, 'Étienne Valles'),
(3012, 'Éric Valli'),
(3013, 'Philippe Vallois'),
(3014, 'Louis Valray'),
(3015, 'Marcel Vandal'),
(3016, 'Paul Vandenberghe'),
(3017, 'Bertrand Van Effenterre'),
(3018, 'Charles Vanel'),
(3019, 'Nicolas Vanier'),
(3020, 'André Van In'),
(3021, 'Émile Vardannes'),
(3022, 'José Varela'),
(3023, 'Marcel Varnel'),
(3024, 'Anton Vassil'),
(3025, 'Max de Vaucorbeil'),
(3026, 'Jacques Vausseur'),
(3027, 'René Vautier'),
(3028, 'Jean Vautrin'),
(3029, 'Francis Veber'),
(3030, 'Jean Veber'),
(3031, 'Pierre-Gilles Veber'),
(3032, 'Paul Vecchiali'),
(3033, 'Marc-Aurèle Vecchione'),
(3034, 'Jean-Pierre Vedel'),
(3035, 'François Velle'),
(3036, 'Gaston Velle'),
(3037, 'Philippe Venault'),
(3038, 'Claude Ventura'),
(3039, 'André Verdet-Kléber'),
(3040, 'Roger Verdier'),
(3041, 'Gérard Vergez'),
(3042, 'Jean-Pierre Vergne'),
(3043, 'Jean-Daniel Verhaeghe'),
(3044, 'Claude Vermorel'),
(3045, 'René Vernadet'),
(3046, 'Robert Vernay'),
(3047, 'Jean-Michel Verner'),
(3048, 'Gilles Vernet'),
(3049, 'Henri Verneuil'),
(3050, 'Jean Vernier'),
(3051, 'Virgil Vernier'),
(3052, 'Frank Verpillat'),
(3053, 'Dylan Verrechia'),
(3054, 'André Versini'),
(3055, 'Gabriel Veyre'),
(3056, 'Cyprien Vial'),
(3057, 'Jean-Robert Viallet'),
(3058, 'Pierre Viallet'),
(3059, 'Michel Vianey'),
(3060, 'Victor Vicas'),
(3061, 'Renaud Victor'),
(3062, 'Camille Vidal-Naquet'),
(3063, 'Ghislain Vidal'),
(3064, 'Jean Vidal'),
(3065, 'Olivier Vidal'),
(3066, 'Pascal Vidal'),
(3067, 'Frédéric Videau'),
(3068, 'Hubert Viel'),
(3069, 'René Viénet'),
(3070, 'Jean-Jacques Vierne'),
(3071, 'Daniel Vigne'),
(3072, 'Jean Vigne'),
(3073, 'Cyrille de Vignemont'),
(3074, 'Benno Vigny'),
(3075, 'Jean Vigo'),
(3076, 'Carlos Vilardebó'),
(3077, 'Jacques Vilfrid'),
(3078, 'Jacques R. Villa'),
(3079, 'Jacques Villa'),
(3080, 'Patrice de Villemandy'),
(3081, 'Thierry Villeneuve'),
(3082, 'François Villiers'),
(3083, 'Pascal Vimenet'),
(3084, 'Christian Vincent'),
(3085, 'Guillaume Vincent'),
(3086, 'Jean-Marc Vincent'),
(3087, 'Pascal-Alex Vincent'),
(3088, 'Thomas Vincent'),
(3089, 'Pierre Vinour'),
(3090, 'Georges Vinter'),
(3091, 'Édouard-Émile Violet'),
(3092, 'Michel Viotte'),
(3093, 'Roger Viry-Babel'),
(3094, 'Guillaume Viry'),
(3095, 'Claude Vital'),
(3096, 'Michel Vocoret'),
(3097, 'Franck Vogel'),
(3098, 'Raymond Vogel'),
(3099, 'Christian Volckman'),
(3100, 'Patrick Volson'),
(3101, 'Jean-Luc Voulfow'),
(3102, 'Éric Vuillard'),
(3103, 'Michel Vuillermet'),
(3104, 'Élie Wajeman'),
(3105, 'Régis Wargnier'),
(3106, 'Francis Warin'),
(3107, 'Rémi Waterhouse'),
(3108, 'Pierre Watrin'),
(3109, 'Jacques Weber'),
(3110, 'Pierre Weill'),
(3111, 'André Weinfeld'),
(3112, 'Claude Weisz'),
(3113, 'Bernard Werber'),
(3114, 'Alain Wermus'),
(3115, 'René Wheeler'),
(3116, 'Sylvain White'),
(3117, 'Roger Wielgus'),
(3118, 'Pierre Willemin'),
(3119, 'Jacques Willemont'),
(3120, 'Winshluss'),
(3121, 'Éric de Winter'),
(3122, 'Laurent Witz'),
(3123, 'Gil Joseph Wolman'),
(3124, 'Woodkid'),
(3125, 'Stanley Woodward'),
(3126, 'Éric Woreth'),
(3127, 'Michel Worms'),
(3128, 'Henry Wulschleger'),
(3129, 'Michel Wyn'),
(3130, 'Yann Demange'),
(3131, 'Jean Yanne'),
(3132, 'Yannis Youlountas'),
(3133, 'Michaël Youn'),
(3134, 'Youri'),
(3135, 'François Zabaleta'),
(3136, 'Patrick Zachmann'),
(3137, 'Jean-Pascal Zadi'),
(3138, 'Christian Zarifian'),
(3139, 'Alexandre Zanetti'),
(3140, 'Jacques Zanetti'),
(3141, 'Henry Zaphiratos'),
(3142, 'Ferdinand Zecca'),
(3143, 'Alexandre Zeff'),
(3144, 'Ariel Zeitoun'),
(3145, 'Roschdy Zem'),
(3146, 'Christian Zerbib'),
(3147, 'Karl Zéro'),
(3148, 'Claude Zidi'),
(3149, 'Jean-Jacques Zilbermann'),
(3150, 'Michel Zimbacca'),
(3151, 'Pierre Zimmer'),
(3152, 'Bruno Zincone'),
(3153, 'Gérard Zingg'),
(3154, 'Zîrek'),
(3155, 'Érick Zonca'),
(3156, 'Christian Zuber'),
(3157, 'René Zuber'),
(3158, 'Pierre Zucca'),
(3159, 'Jean-François Zurawik'),
(3160, 'André Zwobada'),
(3161, 'Davy Zylberfajn'),
(3162, 'Sou Abadi'),
(3163, 'Régine Abadia'),
(3164, 'Margot Abascal'),
(3165, 'Dominique Abel'),
(3166, 'Hélène Abram'),
(3167, 'Mireille Abramovici'),
(3168, 'Mona Achache'),
(3169, 'Doria Achour'),
(3170, 'Agnès Patron'),
(3171, 'Hachimiya Ahamada'),
(3172, 'Aline Ahond'),
(3173, 'Fleur Albert'),
(3174, 'Karin Albou'),
(3175, 'Catherine Alcover'),
(3176, 'Anne Alix'),
(3177, 'Cécile Allegra'),
(3178, 'Siegrid Alnoy'),
(3179, 'Maud Alpi'),
(3180, 'Marie Amachoukeli'),
(3181, 'Manon Amacouty'),
(3182, 'Laureline Amanieux'),
(3183, 'Sandy Amerio'),
(3184, 'Lucrèce Andreae'),
(3185, 'Danielle Anezin'),
(3186, 'Hélène Angel'),
(3187, 'Danielle Arbid'),
(3188, 'Carole Arcega'),
(3189, 'Valérie Archeno'),
(3190, 'Coline Assous'),
(3191, 'Laurence Attali'),
(3192, 'Cécile Aubry'),
(3193, 'Sophie Audier'),
(3194, 'Jacqueline Audry'),
(3195, 'Nurith Aviv'),
(3196, 'Sylvie Ayme'),
(3197, 'Myriam Aziza'),
(3198, 'Lisa Azuelos'),
(3199, 'Saphia Azzeddine'),
(3200, 'Bouchera Azzouz'),
(3201, 'Marie-Hélène Baconnet'),
(3202, 'Geneviève Baïlac'),
(3203, 'Pascale Bailly'),
(3204, 'Géraldine Bajard'),
(3205, 'Josiane Balasko'),
(3206, 'Isabelle Balducchi'),
(3207, 'Jeanne Balibar'),
(3208, 'Sylvie Ballyot'),
(3209, 'Diane Baratier'),
(3210, 'Patricia Bardon'),
(3211, 'Alice Barnole'),
(3212, 'Dominique Barouch'),
(3213, 'Sophie Barthes'),
(3214, 'Jackie Bastide'),
(3215, 'Liria Bégéja'),
(3216, 'Farida Belghoul'),
(3217, 'Marie Belhomme'),
(3218, 'Clara Bellar'),
(3219, 'Violaine Bellet'),
(3220, 'Yannick Bellon'),
(3221, 'Lise Bellynck'),
(3222, 'Véra Belmont'),
(3223, 'Mika Ben Miled'),
(3224, 'Yamina Benguigui'),
(3225, 'Houda Benyamina'),
(3226, 'Emmanuelle Bercot'),
(3227, 'Anouk Bernard'),
(3228, 'Nicole-Lise Bernheim'),
(3229, 'Catherine Bernstein'),
(3230, 'Fabienne Berthaud'),
(3231, 'Lucienne Berthon'),
(3232, 'Marlène Bertin'),
(3233, 'Juliet Berto'),
(3234, 'Diane Bertrand'),
(3235, 'Sarah Bertrand'),
(3236, 'Julie Bertuccelli'),
(3237, 'Lola Bessis'),
(3238, 'Denise Billon'),
(3239, 'Lisa Billuart-Monet'),
(3240, 'Catherine Binet'),
(3241, 'Anne-Sophie Birot'),
(3242, 'Simone Bitton'),
(3243, 'Sophie Blondy'),
(3244, 'Sylvie Blum'),
(3245, 'Justine Bo'),
(3246, 'Pascale Bodet'),
(3247, 'Michale Boganim'),
(3248, 'Lou Bohringer'),
(3249, 'Romane Bohringer'),
(3250, 'Sylvina Boissonnas'),
(3251, 'Betty Bone'),
(3252, 'Margaux Bonhomme'),
(3253, 'Isabelle Boni-Claverie'),
(3254, 'Sandrine Bonnaire'),
(3255, 'Mathilde Bonnefoy'),
(3256, 'Camille Bordes-Resnais'),
(3257, 'Claudine Bories'),
(3258, 'Lucie Borleteau'),
(3259, 'Marie Borrelli'),
(3260, 'Roselyne Bosch'),
(3261, 'Caroline Bottaro'),
(3262, 'Pascale Bouhénic'),
(3263, 'Françoise Boulain'),
(3264, 'Agnès Boury'),
(3265, 'Sarah Bouyain'),
(3266, 'Myriam Boyer'),
(3267, 'Anne Bramard-Blagny'),
(3268, 'Sophie Bramly'),
(3269, 'Sophie Bredier'),
(3270, 'Catherine Breillat'),
(3271, 'Annie Breit'),
(3272, 'Zabou Breitman'),
(3273, 'Pascale Breton'),
(3274, 'Pascale Breugnot'),
(3275, 'Chantal Briet'),
(3276, 'Manon Bril'),
(3277, 'Émilie Brisavoine'),
(3278, 'Isabelle Brocard'),
(3279, 'Isabelle Broué'),
(3280, 'Sophie Bruneau'),
(3281, 'Bénédicte Brunet'),
(3282, 'Valeria Bruni Tedeschi'),
(3283, 'Juliette Bruno-Ruby'),
(3284, 'Joyce Buñuel'),
(3285, 'Pauline Bureau'),
(3286, 'Claire Burger'),
(3287, 'Dominique Cabrera'),
(3288, 'Margarita Cadenas'),
(3289, 'Judith Cahen'),
(3290, 'Aude Léa Rapin'),
(3291, 'Gloria Campana'),
(3292, 'Béatrice Camurat'),
(3293, 'Isabelle Camus'),
(3294, 'Viviane Candas'),
(3295, 'Marilyne Canto'),
(3296, 'Caroline Capelle'),
(3297, 'Anne Caprile'),
(3298, 'Raymonde Carasco'),
(3299, 'Annette Carducci'),
(3300, 'Renée Carl'),
(3301, 'Christine Carrière'),
(3302, 'Louise Carrin'),
(3303, 'Cheyenne Carron'),
(3304, 'Laetitia Carton'),
(3305, 'Camille de Casabianca'),
(3306, 'Catherine Castel'),
(3307, 'Carmen Castillo'),
(3308, 'Jacqueline Caux'),
(3309, 'Hannelore Cayre'),
(3310, 'Idit Cebula'),
(3311, 'Elsa Chabrol'),
(3312, 'Amelle Chahbi'),
(3313, 'Béatrice Champanier'),
(3314, 'Caroline Champetier'),
(3315, 'Laurence Chanfro'),
(3316, 'Monique Chapelle'),
(3317, 'Henriette Chardak'),
(3318, 'Laure Charpentier'),
(3319, 'Françoise Charpiat'),
(3320, 'Hélène Châtelain'),
(3321, 'Marianne Chaud'),
(3322, 'Lucile Chaufour'),
(3323, 'Marie-Anne Chazel'),
(3324, 'Émilie Chedid'),
(3325, 'Joan Chemla'),
(3326, 'Émilie Cherpitel'),
(3327, 'Caroline Chomienne'),
(3328, 'Cécile Clairval-Milhaud'),
(3329, 'Isabelle Clarke'),
(3330, 'Magali Clément'),
(3331, 'Laure de Clermont-Tonnerre'),
(3332, 'Mary Clerté'),
(3333, 'Claire Clouzot'),
(3334, 'Odette Collet'),
(3335, 'Florence Colombani'),
(3336, 'Lætitia Colombani'),
(3337, 'Marie-Anne Colson-Malleville'),
(3338, 'Nina Companeez'),
(3339, 'Julia Cordonnier'),
(3340, 'Catherine Corsini'),
(3341, 'Flavia Coste'),
(3342, 'Éléonore Costes'),
(3343, 'Stéphanie Cotta'),
(3344, 'Delphine Coulin'),
(3345, 'Camille Courcy'),
(3346, 'Leslie Coutterand'),
(3347, 'Hélène de Crécy'),
(3348, 'Virginia Crespeau'),
(3349, 'Emmanuelle Cuau'),
(3350, 'Isabelle Czajka'),
(3351, 'Audrey Dana'),
(3352, 'Mireille Darc'),
(3353, 'Éva Darlan'),
(3354, 'Hélène Dassonville'),
(3355, 'Anne Dastrée'),
(3356, 'Sahra Daugreilh'),
(3357, 'Marie Dault'),
(3358, 'Charlotte Dauphin'),
(3359, 'Anne-Gaëlle Daval'),
(3360, 'Liliane David'),
(3361, 'Judith Davis'),
(3362, 'Françoise Davisse'),
(3363, 'Josée Dayan'),
(3364, 'Marina Déak'),
(3365, 'Ève Deboise'),
(3366, 'Cécile Decugis'),
(3367, 'Alix Delaporte'),
(3368, 'Émilie Deleuze'),
(3369, 'Fejria Deliba'),
(3370, 'Mélanie Delloye-Betancourt'),
(3371, 'Bénédicte Delmas'),
(3372, 'Delphine Deloget'),
(3373, 'Nathalie Delon'),
(3374, 'Julie Delpy'),
(3375, 'Paula Delsol'),
(3376, 'Claire Denis'),
(3377, 'Anne Depétrini'),
(3378, 'Lucie Derain'),
(3379, 'Caroline Deruas'),
(3380, 'Fabianny Deschamps'),
(3381, 'Virginie Despentes'),
(3382, 'Emmanuelle Destremau'),
(3383, 'Jocelyne Desverchère'),
(3384, 'Céline Devaux'),
(3385, 'Frédérique Devaux'),
(3386, 'Claire Devers'),
(3387, 'Jennifer Devoldère'),
(3388, 'Stéphanie Di Giusto'),
(3389, 'Germaine Dieterlen'),
(3390, 'Alice Diop'),
(3391, 'Mati Diop'),
(3392, 'Catherine Diran'),
(3393, 'Elsa Diringer'),
(3394, 'Marianne Dissard'),
(3395, 'Audrey Diwan'),
(3396, 'Négar Djavadi'),
(3397, 'Lola Doillon'),
(3398, 'Arielle Dombasle'),
(3399, 'Nathalie Donnini'),
(3400, 'Marie Donnio'),
(3401, 'Valérie Donzelli'),
(3402, 'Isabelle Doval'),
(3403, 'Christine Dory'),
(3404, 'Alice Douard'),
(3405, 'Ariane Doublet'),
(3406, 'Maïmouna Doucouré'),
(3407, 'Marie-Laure Dougnac'),
(3408, 'Claire Doyon'),
(3409, 'Évelyne Dress'),
(3410, 'Mélissa Drigeard'),
(3411, 'Charlotte Dubreuil'),
(3412, 'Maroussia Dubreuil'),
(3413, 'Danièle Dubroux'),
(3414, 'Céline du Chéné'),
(3415, 'Julia Ducournau'),
(3416, 'Cécile Ducrocq'),
(3417, 'Martine Dugowson'),
(3418, 'Germaine Dulac'),
(3419, 'Sandrine Dumarais'),
(3420, 'Sandrine Dumas'),
(3421, 'Ana Dumitrescu'),
(3422, 'Marie Dumora'),
(3423, 'Marguerite Duras'),
(3424, 'Emma Dusong'),
(3425, 'Annette Dutertre'),
(3426, 'Laure Duthilleul'),
(3427, 'Stéphanie Duvivier'),
(3428, 'Joële van Effenterre'),
(3429, 'Nadia El Fani'),
(3430, 'Souad El-Bouhati'),
(3431, 'Jihan El-Tahri'),
(3432, 'Marie Epstein'),
(3433, 'Pascale d\'Erm'),
(3434, 'Lauriane Escaffre'),
(3435, 'Emmanuelle Escourrou'),
(3436, 'Philomène Esposito'),
(3437, 'Audrey Estrougo'),
(3438, 'Françoise Etchegaray'),
(3439, 'Coralie Fargeat'),
(3440, 'Anne Fassio'),
(3441, 'Éléonore Faucher'),
(3442, 'Nina Faure'),
(3443, 'Anne-Marie Faux'),
(3444, 'Valentine Féau'),
(3445, 'Léa Fehner'),
(3446, 'Anne Feinsilber'),
(3447, 'Andrée Feix'),
(3448, 'Clarisse Feletin'),
(3449, 'Pascale Ferran'),
(3450, 'Laurence Ferreira Barbosa'),
(3451, 'Hélène Fillières'),
(3452, 'Sophie Fillières'),
(3453, 'Joy Fleury'),
(3454, 'Anne Fontaine'),
(3455, 'Camille Fontaine'),
(3456, 'Jessica Forde'),
(3457, 'Sara Forestier'),
(3458, 'Audrey Fouché'),
(3459, 'Agnès Fouilleux'),
(3460, 'Caroline Fourest'),
(3461, 'Marine Francen'),
(3462, 'Christine François'),
(3463, 'Léa Frédeval'),
(3464, 'Gala Fur'),
(3465, 'Olympe de G.'),
(3466, 'Céline Gailleurd'),
(3467, 'Deniz Gamze Ergüven'),
(3468, 'Nicole Garcia'),
(3469, 'Juliette Garcias'),
(3470, 'Jenny-Laure Garcin'),
(3471, 'Valérie Gaudissart'),
(3472, 'Julie Gautier'),
(3473, 'Marielle Gautier'),
(3474, 'Julie Gavras'),
(3475, 'Laurence Gavron'),
(3476, 'Amandine Gay'),
(3477, 'Dyana Gaye'),
(3478, 'Aurélia Georges'),
(3479, 'Anne Georget'),
(3480, 'Anne Giafferi'),
(3481, 'Stéphanie Gillard'),
(3482, 'Élise Girard'),
(3483, 'Hélène Giraud'),
(3484, 'Stéphanie Girerd'),
(3485, 'Delphine Gleize'),
(3486, 'Fanny Glissant'),
(3487, 'Caroline Glorion'),
(3488, 'Éléa Gobbé-Mévellec'),
(3489, 'Fabienne Godet'),
(3490, 'Judith Godrèche'),
(3491, 'Liz Gomis'),
(3492, 'Martine Gonthié'),
(3493, 'Audrey Goutard'),
(3494, 'Marjolaine Grappe'),
(3495, 'Dolorès Grassian'),
(3496, 'Faïza Guène'),
(3497, 'Valérie Guignabodet'),
(3498, 'Claudine Guilmain'),
(3499, 'Alice Guy'),
(3500, 'Lucile Hadzihalilovic'),
(3501, 'Clarisse Hahn'),
(3502, 'Nora Hamdi'),
(3503, 'Mia Hansen-Løve'),
(3504, 'Amélie Harrault'),
(3505, 'Madeleine Hartmann-Clausset'),
(3506, 'Laure Hassan'),
(3507, 'Judith Havas'),
(3508, 'Salma Hayek'),
(3509, 'Hélène Hazera'),
(3510, 'Ève Heinrich'),
(3511, 'Marie Hélia'),
(3512, 'Jeanne Herry'),
(3513, 'Hafsia Herzi'),
(3514, 'Anne Hofer'),
(3515, 'Esther Hoffenberg'),
(3516, 'Jeannette Hubert'),
(3517, 'Marine Hugonnier'),
(3518, 'Loo Hui Phang'),
(3519, 'Danièle Huillet'),
(3520, 'Caroline Huppert'),
(3521, 'Eva Husson'),
(3522, 'July Hygreck'),
(3523, 'Les Insoumuses'),
(3524, 'Eva Ionesco'),
(3525, 'Marie-Louise Iribe'),
(3526, 'Marielle Issartel'),
(3527, 'Aline Issermann'),
(3528, 'Agnès Jaoui'),
(3529, 'Marie Jaoul de Poncheville'),
(3530, 'Lou Jeunet'),
(3531, 'Irène Jouannet'),
(3532, 'Émilie Jouvet'),
(3533, 'Véronique Kanor'),
(3534, 'Nelly Kaplan'),
(3535, 'Sabrina B. Karine'),
(3536, 'Baya Kasmi'),
(3537, 'Laurence Katrian'),
(3538, 'Alanté Kavaïté'),
(3539, 'Vergine Keaton'),
(3540, 'Keira Maameri'),
(3541, 'Liliane de Kermadec'),
(3542, 'Zarina Khan'),
(3543, 'Rani Khanna'),
(3544, 'Farida Khelfa'),
(3545, 'Reem Kherici'),
(3546, 'Héléna Klotz'),
(3547, 'Sandra Kobanovitch'),
(3548, 'Anne-Lise Koehler'),
(3549, 'Maria Koleva'),
(3550, 'Beryl Koltz'),
(3551, 'Julia Kowalski'),
(3552, 'Delphine Kreuter'),
(3553, 'Rachida Krim'),
(3554, 'Diane Kurys'),
(3555, 'Nicola L.'),
(3556, 'Manele Labidi'),
(3557, 'Jeanne Labrune'),
(3558, 'Hanna Ladoul'),
(3559, 'Marion Laine'),
(3560, 'Valérie Lalonde'),
(3561, 'Sophie Laloy'),
(3562, 'Marianne Lamour'),
(3563, 'Sylvie Lancrenon'),
(3564, 'Rachel Lang'),
(3565, 'Isabelle Langerome'),
(3566, 'Annick Lanoë'),
(3567, 'Claire de La Rochefoucauld'),
(3568, 'Marielle Larriaga'),
(3569, 'Estelle Larrivaz'),
(3570, 'Éliane de Latour'),
(3571, 'Christine Laurent'),
(3572, 'Mélanie Laurent'),
(3573, 'Ginette Lavigne'),
(3574, 'Isild Le Besco'),
(3575, 'Daphné Leblond'),
(3576, 'Françoise Lebrun'),
(3577, 'Alexandra Leclère'),
(3578, 'Ounie Lecomte'),
(3579, 'Marine Alice Le Dû'),
(3580, 'Geneviève Lefebvre'),
(3581, 'Nicole Le Garrec'),
(3582, 'Sophie Lellouche'),
(3583, 'Brigitte Lemaine'),
(3584, 'Valérie Lemercier'),
(3585, 'Blandine Lenoir'),
(3586, 'Isabelle Le Nouvel'),
(3587, 'Anne Le Ny'),
(3588, 'Sarah Leonor'),
(3589, 'Vanessa Le Reste'),
(3590, 'Sophie Letourneur'),
(3591, 'Lorraine Lévy'),
(3592, 'Sarah Lévy'),
(3593, 'Osvalde Lewat'),
(3594, 'Katia Lewkowicz'),
(3595, 'Ombline Ley'),
(3596, 'Christelle Lheureux'),
(3597, 'Vanessa Lhoste'),
(3598, 'Fanny Liatard et Jerémy Trouilh'),
(3599, 'Maud Linder'),
(3600, 'Suzanne Lindon'),
(3601, 'Virginie Linhart'),
(3602, 'Christine Lipinska'),
(3603, 'Julie Lipinski'),
(3604, 'Elisabeth Löchen'),
(3605, 'Nadège Loiseau'),
(3606, 'Iliana Lolic'),
(3607, 'Julie Lopes-Curval'),
(3608, 'Marceline Loridan-Ivens'),
(3609, 'Marie Losier'),
(3610, 'Mireille Loup'),
(3611, 'Marie Louville'),
(3612, 'Rose Lowder'),
(3613, 'Emma Luchini'),
(3614, 'Noémie Lvovsky'),
(3615, 'Maria Machado'),
(3616, 'Diane de Mac Mahon'),
(3617, 'Marie Madinier'),
(3618, 'Nathalie Magnan'),
(3619, 'Franca Maï'),
(3620, 'Géraldine Maillet'),
(3621, 'Alix de Maistre'),
(3622, 'Maïwenn'),
(3623, 'Macha Makeïeff'),
(3624, 'Sarah Maldoror'),
(3625, 'Sabrina Malek'),
(3626, 'Justine Malle'),
(3627, 'Florence Malraux'),
(3628, 'Babette Mangolte'),
(3629, 'Julie Manoukian'),
(3630, 'Méliane Marcaggi'),
(3631, 'Sophie Marceau'),
(3632, 'Nathalie Marchak'),
(3633, 'Keren Marciano'),
(3634, 'Stéphanie de Mareuil'),
(3635, 'Elizabeth Marre'),
(3636, 'Laure Marsac'),
(3637, 'Tonie Marshall'),
(3638, 'Nathalie Masduraud'),
(3639, 'Valérie Massadian'),
(3640, 'Laetitia Masson'),
(3641, 'Audrey Maurion'),
(3642, 'Corinne Maury'),
(3643, 'Chloé Mazlo'),
(3644, 'Patricia Mazuy'),
(3645, 'Callisto Mc Nulty'),
(3646, 'Joséphine de Meaux'),
(3647, 'Pomme Meffre'),
(3648, 'Ursula Meier'),
(3649, 'Aurélia Mengin'),
(3650, 'Marie-Castille Mention-Schaar'),
(3651, 'Jacqueline Meppiel'),
(3652, 'Stéphane Mercurio'),
(3653, 'Isabelle Mergault'),
(3654, 'Agnès Merlet'),
(3655, 'Noëlle Mesny-Deschamps'),
(3656, 'Florence Miailhe'),
(3657, 'Ariane Michel'),
(3658, 'Perrine Michel'),
(3659, 'Hélène Milano'),
(3660, 'Christel Milhavet'),
(3661, 'Annie Miller'),
(3662, 'Emmanuelle Millet'),
(3663, 'Annabelle Milot'),
(3664, 'Valérie Minetto'),
(3665, 'Joëlle Miquel'),
(3666, 'Ariane Mnouchkine'),
(3667, 'Zina Modiano'),
(3668, 'Éponine Momenceau'),
(3669, 'Florence Moncorgé-Gabin'),
(3670, 'Marie Monge'),
(3671, 'Mariette Monpierre'),
(3672, 'Marie-Dominique Montel'),
(3673, 'Isabelle Montoya'),
(3674, 'Myriam Moraly'),
(3675, 'Patricia Moraz'),
(3676, 'Jeanne Moreau'),
(3677, 'Diane Morel'),
(3678, 'Variety Moszynski'),
(3679, 'Oranne Mounition'),
(3680, 'Valérie Mréjen'),
(3681, 'Valérie Müller'),
(3682, 'Stéphanie Murat'),
(3683, 'Léa Mysius'),
(3684, 'Géraldine Nakache'),
(3685, 'Nathalie Nambot'),
(3686, 'Élodie Namer'),
(3687, 'Isabelle Nanty'),
(3688, 'Louise Narboni'),
(3689, 'Maimouna N\'Diaye'),
(3690, 'Marylène Negro'),
(3691, 'Magali Negroni'),
(3692, 'Sophie Nivelle-Cardinale'),
(3693, 'Marie Noëlle'),
(3694, 'Laure Noualhat'),
(3695, 'Claudine Nougaret'),
(3696, 'Claire Nouvian'),
(3697, 'Anne-Sophie Novel'),
(3698, 'Anna Novion'),
(3699, 'Karine Nuris'),
(3700, 'Agnès Obadia'),
(3701, 'Alice Odiot'),
(3702, 'Sylvie Ohayon'),
(3703, 'Adèle O\'Longh'),
(3704, 'Sylvie Orcier'),
(3705, 'Mariana Otero'),
(3706, 'Aïcha Ouattara'),
(3707, 'Ovidie'),
(3708, 'P.R2B'),
(3709, 'Euzhan Palcy'),
(3710, 'Jessica Palud'),
(3711, 'Rose Pansini'),
(3712, 'Véréna Paravel'),
(3713, 'Quélou Parente'),
(3714, 'Christine Pascal'),
(3715, 'Mélanie Pavy'),
(3716, 'Marie Pérennou'),
(3717, 'Dominique Perrier'),
(3718, 'Marie-Christine Perrodin'),
(3719, 'Nora Philippe'),
(3720, 'Chantal Picault'),
(3721, 'Stéphanie Pillonca-Kervern'),
(3722, 'Chloé Mahieu'),
(3723, 'Pauline Pinson'),
(3724, 'Marie-France Pisier'),
(3725, 'Anne Poiret'),
(3726, 'Maeva Poli'),
(3727, 'Béatrice Pollet'),
(3728, 'Michelle Porte'),
(3729, 'Chantal Poupaud'),
(3730, 'Éléonore Pourriat'),
(3731, 'Pascale Pouzadoux'),
(3732, 'Laure Pradal'),
(3733, 'Franssou Prenant'),
(3734, 'Isabelle Prim'),
(3735, 'Anaïs Prosaïc'),
(3736, 'Ghislaine Pujol'),
(3737, 'Delphine Quentin'),
(3738, 'Florence Quentin'),
(3739, 'Marie-Christine Questerbert'),
(3740, 'Katell Quillévéré'),
(3741, 'Marlène Rabaud'),
(3742, 'Tiphaine Raffier'),
(3743, 'Micheline Rambaud'),
(3744, 'Élisabeth Rappeneau'),
(3745, 'Sandrine Ray'),
(3746, 'Christelle Raynal'),
(3747, 'Jackie Raynal'),
(3748, 'Marie-Hélène Rebois'),
(3749, 'Isabelle Regnier'),
(3750, 'Sophie Reine'),
(3751, 'Aurélie Reinhorn'),
(3752, 'Magaly Richard-Serrano'),
(3753, 'Sandrine Rinaldi'),
(3754, 'Ann Riquier'),
(3755, 'Sophie Robert'),
(3756, 'Karole Rocher'),
(3757, 'Michèle Rollin'),
(3758, 'Jeanne Romana'),
(3759, 'Françoise Romand'),
(3760, 'Axelle Ropert'),
(3761, 'Rosette'),
(3762, 'Michèle Rosier'),
(3763, 'Brigitte Roüan'),
(3764, 'Cécilia Rouaud'),
(3765, 'Anna Roussillon'),
(3766, 'Carole Roussopoulos'),
(3767, 'Olivia Ruiz'),
(3768, 'Michka Saäl'),
(3769, 'Noémie Saglio'),
(3770, 'Niki de Saint Phalle'),
(3771, 'Juliette Sales'),
(3772, 'Muriel Sanchez-Harrar'),
(3773, 'Lucia Sanchez'),
(3774, 'Sara'),
(3775, 'Marion Sarraut'),
(3776, 'Marjane Satrapi'),
(3777, 'Virginie Sauveur'),
(3778, 'Suzanne Schiffman'),
(3779, 'Nathalie Schmidt'),
(3780, 'Sophie Schmit'),
(3781, 'Céline Sciamma'),
(3782, 'Isabel Sebastian'),
(3783, 'Dorothée Sebbagh'),
(3784, 'Léonor Serraille'),
(3785, 'Coline Serreau'),
(3786, 'Delphine Seyrig'),
(3787, 'Abnousse Shalmani'),
(3788, 'Catherine Shan'),
(3789, 'Fanny Sidney'),
(3790, 'Magaajyia Silberfeld'),
(3791, 'Karine Silla'),
(3792, 'Charlotte Silvera'),
(3793, 'Claire Simon'),
(3794, 'SMITH'),
(3795, 'Gab Sorère'),
(3796, 'Sotha'),
(3797, 'Ré Soupault'),
(3798, 'Christiane Spiero'),
(3799, 'Irène Starewitch'),
(3800, 'Nicole Stéphane'),
(3801, 'Mary Stephen'),
(3802, 'Amanda Sthers'),
(3803, 'Valérie Stroh'),
(3804, 'Sarah Suco'),
(3805, 'Sara Summa'),
(3806, 'Brigitte Sy'),
(3807, 'Leïla Sy'),
(3808, 'Murielle Szac'),
(3809, 'Arlette Tabart'),
(3810, 'Claudia Tagbo'),
(3811, 'Zakia Tahiri'),
(3812, 'Carine Tardieu'),
(3813, 'Marianne Tardieu'),
(3814, 'Sophie Tatischeff'),
(3815, 'Tiffany Tavernier'),
(3816, 'Éliane Tayar'),
(3817, 'Anne-Marie Tensi'),
(3818, 'Muriel Teodori'),
(3819, 'Solange Térac'),
(3820, 'Lidia Terki'),
(3821, 'Catherine Terzieff'),
(3822, 'Michèle Teysseyre'),
(3823, 'Valérie Théodore'),
(3824, 'Anne Théron'),
(3825, 'Virginie Thévenet'),
(3826, 'Marcelle Thirache'),
(3827, 'Danièle Thompson'),
(3828, 'Dominique Tiberi'),
(3829, 'Françoise Tourmen'),
(3830, 'Corinne Touzet'),
(3831, 'Nadège Trebal'),
(3832, 'Marie-Claude Treilhou'),
(3833, 'Annie Tresgot'),
(3834, 'Justine Triet'),
(3835, 'Nadine Trintignant'),
(3836, 'Troeller-Deffarge'),
(3837, 'Agnès Troublé'),
(3838, 'Éva Truffaut'),
(3839, 'Denise Tual'),
(3840, 'Charlotte de Turckheim'),
(3841, 'Valérie Urrea'),
(3842, 'Meiji U Tum\'si'),
(3843, 'Anaïs Vachez'),
(3844, 'Stéphanie Valloatto'),
(3845, 'Sarah Van Den Boom'),
(3846, 'Sabrina Van Tassel'),
(3847, 'Marina de Van'),
(3848, 'Christine Van de Putte'),
(3849, 'Agnès Varda'),
(3850, 'Olga Varen'),
(3851, 'Claire Vassé'),
(3852, 'Johanna Vaude'),
(3853, 'Nicole Vedrès'),
(3854, 'Sylvie Verheyde'),
(3855, 'Marie Vermillard'),
(3856, 'Cécile Vernant'),
(3857, 'Cathy Verney'),
(3858, 'Marion Vernoux'),
(3859, 'Virginie Verrier'),
(3860, 'Sandrine Veysset'),
(3861, 'Alice Vial'),
(3862, 'Neus Viala'),
(3863, 'Tatiana Vialle'),
(3864, 'Marguerite Viel'),
(3865, 'Delphine de Vigan'),
(3866, 'Caroline Vignal'),
(3867, 'Anne Villacèque'),
(3868, 'Patty Villiers'),
(3869, 'Isabelle Vitari'),
(3870, 'Julie Voisin'),
(3871, 'Anaïs Volpé'),
(3872, 'Virginie Wagon'),
(3873, 'Charlotte Walior'),
(3874, 'Michaëla Watteaux'),
(3875, 'Rachel Weinberg'),
(3876, 'Anielle Weinberger'),
(3877, 'Anne Wiazemsky'),
(3878, 'Ioana Wieder'),
(3879, 'Catherine Wilkening'),
(3880, 'Alice Winocour'),
(3881, 'Josée Yanne'),
(3882, 'Sung-A Yoon'),
(3883, 'Paule Zajdermann'),
(3884, 'Fatma Zohra Zamoum'),
(3885, 'Yolande Zauberman'),
(3886, 'Zazon'),
(3887, 'Hélène Zimmer'),
(3888, 'Viviane Zingg'),
(3889, 'Catherine Zins'),
(3890, 'Rebecca Zlotowski');

-- --------------------------------------------------------

--
-- Structure de la table `dirphoto`
--

DROP TABLE IF EXISTS `dirphoto`;
CREATE TABLE IF NOT EXISTS `dirphoto` (
  `id` int NOT NULL AUTO_INCREMENT,
  `name` varchar(255) COLLATE utf8mb4_unicode_ci NOT NULL,
  PRIMARY KEY (`id`)
) ENGINE=InnoDB AUTO_INCREMENT=295 DEFAULT CHARSET=utf8mb4 COLLATE=utf8mb4_unicode_ci;

--
-- Déchargement des données de la table `dirphoto`
--

INSERT INTO `dirphoto` (`id`, `name`) VALUES
(1, 'François About'),
(2, 'Michel Abramowicz'),
(3, 'Raymond Agnel'),
(4, 'Claude Agostini'),
(5, 'Philippe Agostini'),
(6, 'Pierre Aïm'),
(7, 'Robert Alazraki'),
(8, 'Maryse Alberti'),
(9, 'Quinto Albicocco'),
(10, 'Henri Alekan'),
(11, 'Naomi Amarger'),
(12, 'Michel Amathieu'),
(13, 'Roger Andrieux'),
(14, 'Lucien Andriot'),
(15, 'Yves Angelo'),
(16, 'Thierry Arbogast'),
(17, 'Arcady'),
(18, 'Georges Asselin'),
(19, 'Raoul Aubourdier'),
(20, 'Jean-Claude Aumont'),
(21, 'Nurith Aviv'),
(22, 'André Bac'),
(23, 'Jean Bachelet'),
(24, 'Jean Badal'),
(25, 'Alain Baptizet'),
(26, 'Diane Baratier'),
(27, 'Frank Barbian'),
(28, 'Benoît Barbier'),
(29, 'André Barlatier'),
(30, 'Maurice Barry'),
(31, 'Georges Barsky'),
(32, 'Jean-François Barthod'),
(33, 'Gérard de Battista'),
(34, 'Charlie Bauer'),
(35, 'Claude Beausoleil'),
(36, 'Étienne Becker'),
(37, 'Claude Becognée'),
(38, 'Pierre Befve'),
(39, 'François Bel'),
(40, 'Georges Benoît'),
(41, 'Jacques Besse'),
(42, 'Charles Bitsch'),
(43, 'Jacques Bizeul'),
(44, 'Patrick Blossier'),
(45, 'Jean Boffety'),
(46, 'Pierre Boffety'),
(47, 'Jean-Louis Bompoint'),
(48, 'Jean-Jacques Bouhon'),
(49, 'Jean-Philippe Bourdon'),
(50, 'Fédote Bourgasoff'),
(51, 'Jean Bourgoin'),
(52, 'Jacques Boumendil'),
(53, 'Jérôme Bouvier'),
(54, 'Céline Bozon'),
(55, 'Joseph C. Brun'),
(56, 'Laurent Brunet'),
(57, 'Sébastien Buchmann'),
(58, 'Marc Bujard'),
(59, 'Léonce-Henri Burel'),
(60, 'Georges Caristan'),
(61, 'Jean-Michel Carré'),
(62, 'François Catonné'),
(63, 'Bernard Cavalié'),
(64, 'Laurent Chalet'),
(65, 'Maurice Champreux'),
(66, 'Dominique Chapuis'),
(67, 'Laurent Charbonnier'),
(68, 'Jean Charvein'),
(69, 'Laurent Chevallier'),
(70, 'Rémy Chevrin'),
(71, 'Jean-César Chiabaut'),
(72, 'David Chizallet'),
(73, 'Alain Choquart'),
(74, 'Pierre Clément'),
(75, 'Denys Clerval'),
(76, 'Raymond Clunie'),
(77, 'René Colas'),
(78, 'Ludovic Colbeau-Justin'),
(79, 'Samuel Collardey'),
(80, 'Jean Collomb'),
(81, 'Fabio Conversi'),
(82, 'Richard Copans'),
(83, 'Philippe Costantini'),
(84, 'Pierre Cottereau'),
(85, 'Paul Cotteret'),
(86, 'Raoul Coutard'),
(87, 'Laurent Dailland'),
(88, 'Roland Dantigny'),
(89, 'Henri Decaë'),
(90, 'Guillaume Deffontaines'),
(91, 'Bruno Delbonnel'),
(92, 'Benoît Delhomme'),
(93, 'Alain Derobe'),
(94, 'Caleb Deschanel'),
(95, 'Josée Deshaies'),
(96, 'Laurent Desmet'),
(97, 'André Diot'),
(98, 'Daniel Diot'),
(99, 'Pierre Dolley'),
(100, 'Roger Dormoy'),
(101, 'Alain Douarinou'),
(102, 'Jean-Marie Dreujou'),
(103, 'André Dubreuil'),
(104, 'Georges Dufaux'),
(105, 'Éric Dumage'),
(106, 'André Dumaître'),
(107, 'Marie Dumora'),
(108, 'Pierre Dupouey'),
(109, 'Nathalie Durand'),
(110, 'Jean-Yves Escoffier'),
(111, 'Jean-Marc Fabre'),
(112, 'Willy Faktorovitch'),
(113, 'Maurice Fellous'),
(114, 'Roger Fellous'),
(115, 'Laurent Fénart'),
(116, 'Jean-Noël Ferragut'),
(117, 'Stéphane Fontaine'),
(118, 'Louis Forestier'),
(119, 'Maurice Forster'),
(120, 'Marc Fossard'),
(121, 'Crystel Fournier'),
(122, 'Marcel Fradetal'),
(123, 'Robert Fraisse'),
(124, 'Philippe Garguil'),
(125, 'Éric Gautier'),
(126, 'René Gaveau'),
(127, 'André Germain'),
(128, 'Alphonse Gibory'),
(129, 'Pierre-William Glenn'),
(130, 'Agnès Godard'),
(131, 'Pierre Grange'),
(132, 'Emmanuel Gras'),
(133, 'Marcel Grignon'),
(134, 'Éric Guichard'),
(135, 'René Guichard'),
(136, 'René Guissart'),
(137, 'Nicolas Hayer'),
(138, 'Gilles Henry'),
(139, 'Antoine Héberlé'),
(140, 'Nicolas Herdt'),
(141, 'Julien Hirsch'),
(142, 'Roger Hubert'),
(143, 'Michel Hugo'),
(144, 'Patrick Imbert'),
(145, 'Jean Isnard'),
(146, 'Paul Ivano'),
(147, 'Luc Jacquet'),
(148, 'Lucien Joulin'),
(149, 'Robert Juillard'),
(150, 'Michel Kelber'),
(151, 'Bruno de Keyzer'),
(152, 'Darius Khondji'),
(153, 'Stéphane Krausz'),
(154, 'Jules Kruger'),
(155, 'Daniel Lacambre'),
(156, 'Yves Lafaye'),
(157, 'Sabine Lancelin'),
(158, 'Fred Langenfeld'),
(159, 'Jean-Claude Larrieu'),
(160, 'François Lartigue'),
(161, 'Christophe Larue'),
(162, 'Claude Lecomte'),
(163, 'Robert Lefebvre'),
(164, 'Jean Lehérissey'),
(165, 'Claude Lelouch'),
(166, 'Jacques Lemare'),
(167, 'Yann Le Masson'),
(168, 'Jean-Yves Le Mener'),
(169, 'Raymond Lemoigne'),
(170, 'Denis Lenoir'),
(171, 'Marcel Le Picard'),
(172, 'Dominique Le Rigoleur'),
(173, 'Helmar Lerski'),
(174, 'Yorick Le Saux'),
(175, 'Philippe Le Sourd'),
(176, 'Raymond Letouzey'),
(177, 'Alain Levent'),
(178, 'Pierre Levent'),
(179, 'Pierre Lhomme'),
(180, 'Georges Liron'),
(181, 'Jacques Loiseleux'),
(182, 'Éli Lotar'),
(183, 'Hélène Louvart'),
(184, 'Irina Lubtchansky'),
(185, 'William Lubtchansky'),
(186, 'Georges Lucas'),
(187, 'Marcel Lucien'),
(188, 'Bernard Lutic'),
(189, 'Emmanuel Machuel'),
(190, 'Sophie Maintigneux'),
(191, 'Jérôme Maison'),
(192, 'Jean Malige'),
(193, 'Babette Mangolte'),
(194, 'Yvon Marciano'),
(195, 'Pierre Mareschal'),
(196, 'Guy Maria'),
(197, 'Pascal Marti'),
(198, 'René Mathelin'),
(199, 'Vincent Mathias'),
(200, 'Claire Mathon'),
(201, 'Christian Matras'),
(202, 'Jacques Mercanton'),
(203, 'Pierre Méré'),
(204, 'Alexandre Michon'),
(205, 'Georges Million'),
(206, 'Éponine Momenceau'),
(207, 'Jean Monsigny'),
(208, 'Pierre Montazel'),
(209, 'Jacques Montéran'),
(210, 'Pierre Morel'),
(211, 'Victor Morin'),
(212, 'Colin Mounier'),
(213, 'Jean-Jacques Mrejen'),
(214, 'Joseph-Louis Mundwiller'),
(215, 'Jacques Natteau'),
(216, 'Louis Née'),
(217, 'Pierre Novion'),
(218, 'Bruno Nuytten'),
(219, 'Raphael O\'Byrne'),
(220, 'Christophe Offenstein'),
(221, 'Louis Page'),
(222, 'Luc Pagès'),
(223, 'Christophe Paturange'),
(224, 'Jean Penzer'),
(225, 'Marie Pérennou'),
(226, 'Georges Périnal'),
(227, 'Henri Persin'),
(228, 'Pierre Petit'),
(229, 'Steeven Petitteville'),
(230, 'Christian Pétron'),
(231, 'Bruno Philip'),
(232, 'Jean-Louis Picavet'),
(233, 'Émile Pierre'),
(234, 'Matthieu Poirot-Delpech'),
(235, 'Renan Pollès'),
(236, 'Roland Pontoizeau'),
(237, 'Patrice Pouget'),
(238, 'Hugues Poulain'),
(239, 'Élizabeth Prouvost'),
(240, 'David Quesemand'),
(241, 'Jean Rabier'),
(242, 'Henri Raichi'),
(243, 'Noël Ramettre'),
(244, 'Georges Raulet'),
(245, 'Isabelle Razavet'),
(246, 'Claude Renoir'),
(247, 'Jacques Renoir'),
(248, 'Edmond Richard'),
(249, 'Jean-Marc Ripert'),
(250, 'Théo Robichet'),
(251, 'Jacques Robin'),
(252, 'Jean-François Robin'),
(253, 'Yves Rodallec'),
(254, 'Jean-Henri Roger'),
(255, 'Marc Romani'),
(256, 'Serge Roullet'),
(257, 'Philippe Rousselot'),
(258, 'Guillaume Schiffman'),
(259, 'Albert Schimel'),
(260, 'Jean-Paul Schwartz'),
(261, 'Edmond Séchan'),
(262, 'Julien Selleron'),
(263, 'Frédéric Serve'),
(264, 'Marius Sestier'),
(265, 'Claire Simon'),
(266, 'Gérard Simon'),
(267, 'Lewis-Martin Soucy'),
(268, 'Louis Soulanes'),
(269, 'Georges Specht'),
(270, 'Georges Strouvé'),
(271, 'Charles Suin'),
(272, 'Guy Suzuki'),
(273, 'Sylvain Verdet'),
(274, 'Jean-Jacques Tarbès'),
(275, 'Marianne Tardieu'),
(276, 'Didier Tarot'),
(277, 'Philippe Théaudière'),
(278, 'Armand Thirard'),
(279, 'André Thomas'),
(280, 'Jean Tournier'),
(281, 'Mathieu Vadepied'),
(282, 'Ghislain Vidal'),
(283, 'Sacha Vierny'),
(284, 'André Villard'),
(285, 'Éric Weber'),
(286, 'Marcel Weiss'),
(287, 'Pierre Willemin'),
(288, 'Jacques Willemont'),
(289, 'Charly Willy-Gricha'),
(290, 'Andréas Winding'),
(291, 'Romain Winding'),
(292, 'Walter Wottitz'),
(293, 'André Zarra'),
(294, 'Bernard Zitzermann');

-- --------------------------------------------------------

--
-- Structure de la table `doctrine_migration_versions`
--

DROP TABLE IF EXISTS `doctrine_migration_versions`;
CREATE TABLE IF NOT EXISTS `doctrine_migration_versions` (
  `version` varchar(191) COLLATE utf8_unicode_ci NOT NULL,
  `executed_at` datetime DEFAULT NULL,
  `execution_time` int DEFAULT NULL,
  PRIMARY KEY (`version`)
) ENGINE=InnoDB DEFAULT CHARSET=utf8 COLLATE=utf8_unicode_ci;

--
-- Déchargement des données de la table `doctrine_migration_versions`
--

INSERT INTO francecam.doctrine_migration_versions (version,executed_at,execution_time) VALUES
	 ('DoctrineMigrations\Version01RefactoDBForCamera','2021-03-31 21:26:53',52),
	 ('DoctrineMigrations\Version02RefactoDBForDirector','2021-03-31 21:26:53',31),
	 ('DoctrineMigrations\Version03RefactoDBForCamera','2021-03-31 21:26:53',24),
	 ('DoctrineMigrations\Version04RefactoDBForFilm','2021-03-31 21:26:53',51),
	 ('DoctrineMigrations\Version05RefactoDBForFilm_camera','2021-03-31 21:26:54',35),
	 ('DoctrineMigrations\Version06RefactoDBForFilm_director','2021-03-31 21:26:54',42),
	 ('DoctrineMigrations\Version07RefactoDBForFilm_dirphoto','2021-03-31 21:26:54',41),
	 ('DoctrineMigrations\Version08RefactoDBForFilm_genre','2021-03-31 21:26:54',34),
	 ('DoctrineMigrations\Version09RefactoDBForFilm_marque','2021-03-31 21:26:54',36),
	 ('DoctrineMigrations\Version10RefactoDBForFilm_modele','2021-03-31 21:26:54',35);
INSERT INTO francecam.doctrine_migration_versions (version,executed_at,execution_time) VALUES
	 ('DoctrineMigrations\Version11RefactoDBForFilm_pays','2021-03-31 21:26:54',33),
	 ('DoctrineMigrations\Version12RefactoDBForFormat','2021-03-31 21:26:54',25),
	 ('DoctrineMigrations\Version13RefactoDBForGenre','2021-03-31 21:26:54',26),
	 ('DoctrineMigrations\Version14RefactoDBForMarque','2021-03-31 21:26:54',29),
	 ('DoctrineMigrations\Version15RefactoDBForModele','2021-03-31 21:26:54',34),
	 ('DoctrineMigrations\Version16RefactoDBForModele_format','2021-03-31 21:26:54',40),
	 ('DoctrineMigrations\Version17RefactoDBForModele_mount','2021-03-31 21:26:54',36),
	 ('DoctrineMigrations\Version18RefactoDBForModele_shutter','2021-03-31 21:26:54',44),
	 ('DoctrineMigrations\Version18RefactoDBForModele_type','2021-03-31 21:26:54',35),
	 ('DoctrineMigrations\Version20RefactoDBForMount','2021-03-31 21:26:54',27);
INSERT INTO francecam.doctrine_migration_versions (version,executed_at,execution_time) VALUES
	 ('DoctrineMigrations\Version21RefactoDBForPays','2021-03-31 21:26:54',22),
	 ('DoctrineMigrations\Version21RefactoDBForReset_password_request','2021-03-31 21:26:54',33),
	 ('DoctrineMigrations\Version22RefactoDBForShutter','2021-03-31 21:26:54',41),
	 ('DoctrineMigrations\Version23RefactoDBForType','2021-03-31 21:26:54',28),
	 ('DoctrineMigrations\Version24RefactoDBForUser','2021-03-31 21:26:54',50),
	 ('DoctrineMigrations\Version25RefactoDBForPK30032021','2021-03-31 21:26:54',2084);

-- --------------------------------------------------------

--
-- Structure de la table `film`
--

DROP TABLE IF EXISTS `film`;
CREATE TABLE IF NOT EXISTS `film` (
  `id` int NOT NULL AUTO_INCREMENT,
  `user_id` int DEFAULT NULL,
  `title` varchar(255) COLLATE utf8mb4_unicode_ci NOT NULL,
  `duree` int NOT NULL,
  `synopsis` varchar(255) COLLATE utf8mb4_unicode_ci NOT NULL,
  `decade` int NOT NULL,
  `sortie` int NOT NULL,
  `slug` varchar(255) COLLATE utf8mb4_unicode_ci NOT NULL,
  `poster` varchar(100) COLLATE utf8mb4_unicode_ci DEFAULT NULL,
  `updated_at` datetime NOT NULL,
  `created_at` datetime NOT NULL,
  PRIMARY KEY (`id`),
  KEY `IDX_8244BE22A76ED395` (`user_id`)
) ENGINE=InnoDB AUTO_INCREMENT=8 DEFAULT CHARSET=utf8mb4 COLLATE=utf8mb4_unicode_ci;

--
-- Déchargement des données de la table `film`
--

INSERT INTO `film` (`id`, `user_id`, `title`, `duree`, `synopsis`, `decade`, `sortie`, `slug`, `poster`, `updated_at`, `created_at`) VALUES
(1, 3, 'l\'Avare', 120, 'La célèbre pièce de Molière adaptée à l\'écran', 1970, 1979, 'lavare', '605b122f37fac649808578.jpg', '2021-03-26 18:46:51', '2021-03-17 20:01:25'),
(2, 3, 'Les Charlots Contre Dracula', 120, 'Les Charlots rencontrent Dracula et c\'est rigoloLorem ipsum dolor sit, amet consectetur adipisicing elit. Aliquam dicta, quibusdam autem blanditiis beatae pariatur hic dolore magni aspernatur, voluptatibus alias tempora explicabo inventore omnis sunt mole', 1970, 1977, 'les-charlots-contre-dracula', '605b149d0d82f026010668.jpg', '2021-03-24 10:29:49', '2021-03-18 16:54:19'),
(3, 3, 'Les Secrets Professionnels du Docteur Apfelglück', 95, 'Les Secrets professionnels du docteur Apfelglück est un film à sketches français de Alessandro Capone, Stéphane Clavier, Hervé Palud, Mathias Ledoux et Thierry Lhermitte, sorti en 1991.', 1990, 1992, 'les-secrets-professionnels-du-docteur-apfelgluck', '605b14b7926b4024556969.jpg', '2021-03-25 14:42:47', '2021-03-22 21:06:32'),
(5, 3, 'Léon', 103, 'Un tueur à gages répondant au nom de Léon prend sous son aile Mathilda, une petite fille de douze ans, seule rescapée du massacre de sa famille. Bientôt, Léon va faire de Mathilda une \"nettoyeuse\", comme lui.', 1990, 1996, 'leon', NULL, '2021-03-24 08:49:43', '2021-03-24 08:48:33'),
(6, 1, 'Cyrano de Bergerac', 135, 'Paris, 1640. Dans un théâtre, un curieux personnage, dont l\'esprit est aussi acéré que la rapière, provoque un duel au milieu d\'une foule admirative. Cet homme, c\'est le grand Cyrano (Gérard Depardieu) ; poète, fin bretteur, beau parleur, il ne craint ni', 1990, 1990, 'cyrano-de-bergerac', '605d984509369051047852.jpg', '2021-03-26 19:13:58', '2021-03-26 08:16:05'),
(7, 1, 'Jules et Jim', 120, 'Un drame de Truffaut', 0, 1962, 'jules-et-jim', '605f278a92a9e544158394.jpg', '2021-03-27 12:39:38', '2021-03-27 12:39:38');

-- --------------------------------------------------------

--
-- Structure de la table `film_camera`
--

DROP TABLE IF EXISTS `film_camera`;
CREATE TABLE IF NOT EXISTS `film_camera` (
  `film_id` int NOT NULL,
  `camera_id` int NOT NULL,
  PRIMARY KEY (`film_id`,`camera_id`),
  KEY `IDX_50EED30F567F5183` (`film_id`),
  KEY `IDX_50EED30FB47685CD` (`camera_id`)
) ENGINE=InnoDB DEFAULT CHARSET=utf8mb4 COLLATE=utf8mb4_unicode_ci;

-- --------------------------------------------------------

--
-- Structure de la table `film_director`
--

DROP TABLE IF EXISTS `film_director`;
CREATE TABLE IF NOT EXISTS `film_director` (
  `film_id` int NOT NULL,
  `director_id` int NOT NULL,
  PRIMARY KEY (`film_id`,`director_id`),
  KEY `IDX_BC171C99567F5183` (`film_id`),
  KEY `IDX_BC171C99899FB366` (`director_id`)
) ENGINE=InnoDB DEFAULT CHARSET=utf8mb4 COLLATE=utf8mb4_unicode_ci;

--
-- Déchargement des données de la table `film_director`
--

INSERT INTO `film_director` (`film_id`, `director_id`) VALUES
(1, 1309),
(2, 4),
(3, 723),
(3, 1823),
(3, 2343),
(4, 1309),
(5, 332),
(6, 2554),
(7, 2991),
(52, 3),
(85, 4),
(96, 332),
(97, 2094),
(98, 30),
(99, 41),
(100, 2393);

-- --------------------------------------------------------

--
-- Structure de la table `film_dirphoto`
--

DROP TABLE IF EXISTS `film_dirphoto`;
CREATE TABLE IF NOT EXISTS `film_dirphoto` (
  `film_id` int NOT NULL,
  `dirphoto_id` int NOT NULL,
  PRIMARY KEY (`film_id`,`dirphoto_id`),
  KEY `IDX_195568B8567F5183` (`film_id`),
  KEY `IDX_195568B86391035A` (`dirphoto_id`)
) ENGINE=InnoDB DEFAULT CHARSET=utf8mb4 COLLATE=utf8mb4_unicode_ci;

--
-- Déchargement des données de la table `film_dirphoto`
--

INSERT INTO `film_dirphoto` (`film_id`, `dirphoto_id`) VALUES
(1, 248),
(2, 2),
(3, 4),
(3, 274),
(4, 248),
(5, 16),
(6, 179),
(7, 3),
(96, 16),
(99, 2);

-- --------------------------------------------------------

--
-- Structure de la table `film_genre`
--

DROP TABLE IF EXISTS `film_genre`;
CREATE TABLE IF NOT EXISTS `film_genre` (
  `film_id` int NOT NULL,
  `genre_id` int NOT NULL,
  PRIMARY KEY (`film_id`,`genre_id`),
  KEY `IDX_1A3CCDA8567F5183` (`film_id`),
  KEY `IDX_1A3CCDA84296D31F` (`genre_id`)
) ENGINE=InnoDB DEFAULT CHARSET=utf8mb4 COLLATE=utf8mb4_unicode_ci;

--
-- Déchargement des données de la table `film_genre`
--

INSERT INTO `film_genre` (`film_id`, `genre_id`) VALUES
(1, 2),
(2, 2),
(2, 5),
(3, 2),
(4, 2),
(5, 1),
(5, 3),
(6, 3),
(6, 8),
(7, 3),
(31, 6),
(48, 1),
(49, 2),
(49, 5),
(50, 2),
(51, 3),
(51, 4),
(52, 3),
(52, 7),
(53, 2),
(54, 5),
(57, 1),
(62, 7),
(66, 4),
(67, 4),
(73, 6),
(74, 5),
(76, 5),
(76, 6),
(77, 3),
(80, 1),
(81, 3),
(82, 1),
(84, 4),
(85, 2),
(86, 3),
(86, 4),
(87, 1),
(88, 2),
(89, 2),
(90, 2),
(91, 2),
(92, 2),
(93, 2),
(94, 2),
(95, 4),
(96, 7),
(97, 2),
(98, 2),
(99, 2),
(100, 2);

-- --------------------------------------------------------

--
-- Structure de la table `film_marque`
--

DROP TABLE IF EXISTS `film_marque`;
CREATE TABLE IF NOT EXISTS `film_marque` (
  `film_id` int NOT NULL,
  `marque_id` int NOT NULL,
  PRIMARY KEY (`film_id`,`marque_id`),
  KEY `IDX_319DACC4567F5183` (`film_id`),
  KEY `IDX_319DACC44827B9B2` (`marque_id`)
) ENGINE=InnoDB DEFAULT CHARSET=utf8mb4 COLLATE=utf8mb4_unicode_ci;

--
-- Déchargement des données de la table `film_marque`
--

INSERT INTO `film_marque` (`film_id`, `marque_id`) VALUES
(1, 7),
(2, 2),
(3, 2),
(4, 5),
(4, 7),
(5, 7),
(6, 7),
(48, 1),
(49, 3),
(50, 3),
(51, 1),
(52, 4),
(53, 1),
(57, 3),
(62, 1),
(66, 1),
(67, 4),
(73, 1),
(74, 1),
(76, 4),
(77, 3),
(81, 2),
(82, 1),
(84, 4),
(85, 4),
(86, 5),
(87, 1),
(88, 1),
(89, 1),
(90, 1),
(91, 1),
(92, 1),
(93, 1),
(94, 1),
(96, 7),
(97, 2),
(98, 2),
(100, 2);

-- --------------------------------------------------------

--
-- Structure de la table `film_modele`
--

DROP TABLE IF EXISTS `film_modele`;
CREATE TABLE IF NOT EXISTS `film_modele` (
  `film_id` int NOT NULL,
  `modele_id` int NOT NULL,
  PRIMARY KEY (`film_id`,`modele_id`),
  KEY `IDX_7BF0B852567F5183` (`film_id`),
  KEY `IDX_7BF0B852AC14B70A` (`modele_id`)
) ENGINE=InnoDB DEFAULT CHARSET=utf8mb4 COLLATE=utf8mb4_unicode_ci;

--
-- Déchargement des données de la table `film_modele`
--

INSERT INTO `film_modele` (`film_id`, `modele_id`) VALUES
(1, 9),
(5, 11),
(6, 11),
(53, 1);

-- --------------------------------------------------------

--
-- Structure de la table `film_pays`
--

DROP TABLE IF EXISTS `film_pays`;
CREATE TABLE IF NOT EXISTS `film_pays` (
  `film_id` int NOT NULL,
  `pays_id` int NOT NULL,
  PRIMARY KEY (`film_id`,`pays_id`),
  KEY `IDX_5130D6AD567F5183` (`film_id`),
  KEY `IDX_5130D6ADA6E44244` (`pays_id`)
) ENGINE=InnoDB DEFAULT CHARSET=utf8mb4 COLLATE=utf8mb4_unicode_ci;

--
-- Déchargement des données de la table `film_pays`
--

INSERT INTO `film_pays` (`film_id`, `pays_id`) VALUES
(1, 75),
(2, 75),
(3, 75),
(5, 75),
(6, 75),
(7, 75);

-- --------------------------------------------------------

--
-- Structure de la table `format`
--

DROP TABLE IF EXISTS `format`;
CREATE TABLE IF NOT EXISTS `format` (
  `id` int NOT NULL AUTO_INCREMENT,
  `name` varchar(255) COLLATE utf8mb4_unicode_ci NOT NULL,
  PRIMARY KEY (`id`)
) ENGINE=InnoDB AUTO_INCREMENT=7 DEFAULT CHARSET=utf8mb4 COLLATE=utf8mb4_unicode_ci;

--
-- Déchargement des données de la table `format`
--

INSERT INTO `format` (`id`, `name`) VALUES
(1, '16mm/ Super 16mm'),
(2, '35mm/ Super 35mm');

-- --------------------------------------------------------

--
-- Structure de la table `genre`
--

DROP TABLE IF EXISTS `genre`;
CREATE TABLE IF NOT EXISTS `genre` (
  `id` int NOT NULL AUTO_INCREMENT,
  `name` varchar(255) COLLATE utf8mb4_unicode_ci NOT NULL,
  PRIMARY KEY (`id`)
) ENGINE=InnoDB AUTO_INCREMENT=9 DEFAULT CHARSET=utf8mb4 COLLATE=utf8mb4_unicode_ci;

--
-- Déchargement des données de la table `genre`
--

INSERT INTO `genre` (`id`, `name`) VALUES
(1, 'Action'),
(2, 'Comédie'),
(3, 'Drame'),
(4, 'Polar'),
(5, 'Fantastique'),
(6, 'Horreur'),
(7, 'Science-fiction'),
(8, 'Aventure');

-- --------------------------------------------------------

--
-- Structure de la table `marque`
--

DROP TABLE IF EXISTS `marque`;
CREATE TABLE IF NOT EXISTS `marque` (
  `id` int NOT NULL AUTO_INCREMENT,
  `name` varchar(255) COLLATE utf8mb4_unicode_ci NOT NULL,
  `description` varchar(255) COLLATE utf8mb4_unicode_ci DEFAULT NULL,
  `pays` varchar(255) COLLATE utf8mb4_unicode_ci DEFAULT NULL,
  `website` varchar(255) COLLATE utf8mb4_unicode_ci DEFAULT NULL,
  `creation` int DEFAULT NULL,
  `slug` varchar(255) COLLATE utf8mb4_unicode_ci NOT NULL,
  `logo_name` varchar(100) COLLATE utf8mb4_unicode_ci NOT NULL,
  `updated_at` datetime NOT NULL,
  PRIMARY KEY (`id`)
) ENGINE=InnoDB AUTO_INCREMENT=17 DEFAULT CHARSET=utf8mb4 COLLATE=utf8mb4_unicode_ci;

--
-- Déchargement des données de la table `marque`
--

INSERT INTO `marque` (`id`, `name`, `description`, `pays`, `website`, `creation`, `slug`, `logo_name`, `updated_at`) VALUES
(1, 'Aaton', '<div>Une marque française, de Grenoble</div>', 'France', 'www.aaton-digital.com', 1970, 'aaton', '605b15c33bed6373551771.png', '2021-03-24 10:34:43'),
(2, 'ARRI', '<div>&nbsp;<strong>Arri</strong> est une marque <a href=\"https://fr.wikipedia.org/wiki/Allemagne\">allemande</a> de matériel de <a href=\"https://fr.wikipedia.org/wiki/Cin%C3%A9ma\">cinéma</a> créée par <a href=\"https://fr.wikipedia.org/wiki/August_Arnold\">A', 'Allemagne', 'www.arri.com', 0, 'arri', '605b15d6520fd066309556.png', '2021-03-24 10:35:02'),
(3, 'Debrie', '<div>&nbsp;La caméra <strong>Debrie </strong><strong><em>Parvo</em></strong> est une <a href=\"https://fr.wikipedia.org/wiki/Cam%C3%A9ra\">caméra</a> <a href=\"https://fr.wikipedia.org/wiki/Format_35_mm\">35 mm</a> de fabrication&nbsp;</div>', 'France', '', 0, 'debrie', '605b15e81fc78344226245.gif', '2021-03-24 10:35:20'),
(4, 'Eclair', NULL, 'France', '', 0, 'eclair', '605b15f8224e3015445649.jpg', '2021-03-24 10:35:36'),
(5, 'Mitchell', NULL, 'États-Unis', '', 0, 'mitchell', '', '0000-00-00 00:00:00'),
(6, 'Moviecam', NULL, 'Allemagne', '', 0, 'moviecam', '605b1605acbea200487836.png', '2021-03-24 10:35:49'),
(7, 'Panavision', NULL, 'États-Unis', '', 0, 'panavision', '605b161ca898c179033568.png', '2021-03-24 10:36:12');

-- --------------------------------------------------------

--
-- Structure de la table `modele`
--

DROP TABLE IF EXISTS `modele`;
CREATE TABLE IF NOT EXISTS `modele` (
  `id` int NOT NULL AUTO_INCREMENT,
  `marque_id` int DEFAULT NULL,
  `name` varchar(255) COLLATE utf8mb4_unicode_ci NOT NULL,
  `description` varchar(255) COLLATE utf8mb4_unicode_ci NOT NULL,
  `image` varchar(255) COLLATE utf8mb4_unicode_ci DEFAULT NULL,
  `noise` varchar(255) COLLATE utf8mb4_unicode_ci DEFAULT NULL,
  `framerate` varchar(255) COLLATE utf8mb4_unicode_ci DEFAULT NULL,
  `perfs` varchar(255) COLLATE utf8mb4_unicode_ci DEFAULT NULL,
  `magazine` varchar(255) COLLATE utf8mb4_unicode_ci DEFAULT NULL,
  `voltage` varchar(255) COLLATE utf8mb4_unicode_ci DEFAULT NULL,
  `weight` varchar(255) COLLATE utf8mb4_unicode_ci DEFAULT NULL,
  `view` varchar(255) COLLATE utf8mb4_unicode_ci DEFAULT NULL,
  `sync` varchar(255) COLLATE utf8mb4_unicode_ci DEFAULT NULL,
  `slug` varchar(255) COLLATE utf8mb4_unicode_ci NOT NULL,
  `decade` int NOT NULL,
  `sortie` int NOT NULL,
  `img` varchar(100) COLLATE utf8mb4_unicode_ci NOT NULL,
  `updated_at` datetime NOT NULL,
  `created_at` datetime NOT NULL,
  `website` varchar(255) COLLATE utf8mb4_unicode_ci DEFAULT NULL,
  PRIMARY KEY (`id`),
  KEY `IDX_100285584827B9B2` (`marque_id`)
) ENGINE=InnoDB AUTO_INCREMENT=14 DEFAULT CHARSET=utf8mb4 COLLATE=utf8mb4_unicode_ci;

--
-- Déchargement des données de la table `modele`
--

INSERT INTO `modele` (`id`, `marque_id`, `name`, `description`, `image`, `noise`, `framerate`, `perfs`, `magazine`, `voltage`, `weight`, `view`, `sync`, `slug`, `decade`, `sortie`, `img`, `updated_at`, `created_at`, `website`) VALUES
(1, 1, '7', '<div>La Première caméra d\'Aaton</div>', '', '', '', '', '', '', '', '', '', '7', 1970, 1977, '605b159e04472188387774.jpg', '2021-03-25 10:20:18', '0000-00-00 00:00:00', NULL),
(2, 1, '8-35', '<div>Commandée par Jean-Luc Godard et jamais mise sur le marché.</div>', '', '', '', '', '', '', '', '', '', '8-35', 0, 0, '', '2021-03-25 10:56:46', '0000-00-00 00:00:00', NULL),
(3, 1, '35 - I', '<div>Une caméra 35 mm d\'Aaton</div>', '', '', '', '', '', '', '', '', '', '35-I', 0, 0, '', '0000-00-00 00:00:00', '0000-00-00 00:00:00', NULL),
(4, 1, '35 - II', 'Une deuxième caméra 35 mm d\'Aaton', '', '', '', '', '', '', '', '', '', '35-II', 0, 0, '', '0000-00-00 00:00:00', '0000-00-00 00:00:00', NULL),
(5, 1, '35 - III', 'Une troisième caméra 35 mm d\'Aaton', '', '', '', '', '', '', '', '', '', '35-III', 0, 0, '', '0000-00-00 00:00:00', '0000-00-00 00:00:00', NULL),
(6, 1, '35 3-P', 'Une quatrième caméra 35 mm d\'Aaton', '', '', '', '', '', '', '', '', '', '35-3-P', 0, 0, '', '0000-00-00 00:00:00', '0000-00-00 00:00:00', NULL),
(7, 4, 'Caméflex', '<div>La caméra de la Nouvelle Vague</div>', '', '', '', '', '', '', '', '', '', 'cameflex', 0, 0, '', '0000-00-00 00:00:00', '0000-00-00 00:00:00', NULL),
(8, 5, 'BNC', 'La caméra de référence du cinéma américain.', '', '', '', '', '', '', '', '', '', 'BNC', 0, 0, '', '0000-00-00 00:00:00', '0000-00-00 00:00:00', NULL),
(9, 7, 'PSR R-200', 'Une caméra silencieuse.', '', '', '', '', '', '', '', '', '', 'PSR-R-200', 0, 0, '', '0000-00-00 00:00:00', '0000-00-00 00:00:00', NULL),
(11, 7, 'Panaflex millenium', '<div>spielberg</div>', NULL, '35', '24', '3', '200', '20', '8.2', 'oui', 'crytal', 'panaflex-millenium', 1970, 1974, '', '2021-03-25 10:36:27', '0000-00-00 00:00:00', NULL),
(12, 3, 'Parvo', '<div>Une caméra cool</div>', NULL, NULL, NULL, NULL, NULL, NULL, NULL, NULL, NULL, 'debrie-parvo', 0, 0, '', '0000-00-00 00:00:00', '0000-00-00 00:00:00', NULL),
(13, 2, 'Arriflex 35', '<div>Arriflex 35</div>', NULL, NULL, NULL, NULL, NULL, NULL, NULL, NULL, NULL, 'arriflex-35', 1970, 1971, '605b46d12f836397434589.jpg', '2021-03-24 14:04:05', '2021-03-22 19:44:44', NULL);

-- --------------------------------------------------------

--
-- Structure de la table `modele_format`
--

DROP TABLE IF EXISTS `modele_format`;
CREATE TABLE IF NOT EXISTS `modele_format` (
  `modele_id` int NOT NULL,
  `format_id` int NOT NULL,
  PRIMARY KEY (`modele_id`,`format_id`),
  KEY `IDX_5317B318AC14B70A` (`modele_id`),
  KEY `IDX_5317B318D629F605` (`format_id`)
) ENGINE=InnoDB DEFAULT CHARSET=utf8mb4 COLLATE=utf8mb4_unicode_ci;

--
-- Déchargement des données de la table `modele_format`
--

INSERT INTO `modele_format` (`modele_id`, `format_id`) VALUES
(1, 1),
(2, 2),
(3, 2),
(7, 2),
(11, 2),
(13, 2);

-- --------------------------------------------------------

--
-- Structure de la table `modele_mount`
--

DROP TABLE IF EXISTS `modele_mount`;
CREATE TABLE IF NOT EXISTS `modele_mount` (
  `modele_id` int NOT NULL,
  `mount_id` int NOT NULL,
  PRIMARY KEY (`modele_id`,`mount_id`),
  KEY `IDX_9F25C81CAC14B70A` (`modele_id`),
  KEY `IDX_9F25C81C538228B8` (`mount_id`)
) ENGINE=InnoDB DEFAULT CHARSET=utf8mb4 COLLATE=utf8mb4_unicode_ci;

--
-- Déchargement des données de la table `modele_mount`
--

INSERT INTO `modele_mount` (`modele_id`, `mount_id`) VALUES
(1, 3),
(2, 3),
(7, 3),
(11, 9);

-- --------------------------------------------------------

--
-- Structure de la table `modele_shutter`
--

DROP TABLE IF EXISTS `modele_shutter`;
CREATE TABLE IF NOT EXISTS `modele_shutter` (
  `modele_id` int NOT NULL,
  `shutter_id` int NOT NULL,
  PRIMARY KEY (`modele_id`,`shutter_id`),
  KEY `IDX_81D07527AC14B70A` (`modele_id`),
  KEY `IDX_81D075277C8FDD42` (`shutter_id`)
) ENGINE=InnoDB DEFAULT CHARSET=utf8mb4 COLLATE=utf8mb4_unicode_ci;

--
-- Déchargement des données de la table `modele_shutter`
--

INSERT INTO `modele_shutter` (`modele_id`, `shutter_id`) VALUES
(1, 5),
(2, 5),
(7, 5),
(11, 5);

-- --------------------------------------------------------

--
-- Structure de la table `modele_type`
--

DROP TABLE IF EXISTS `modele_type`;
CREATE TABLE IF NOT EXISTS `modele_type` (
  `modele_id` int NOT NULL,
  `type_id` int NOT NULL,
  PRIMARY KEY (`modele_id`,`type_id`),
  KEY `IDX_4A59230EAC14B70A` (`modele_id`),
  KEY `IDX_4A59230EC54C8C93` (`type_id`)
) ENGINE=InnoDB DEFAULT CHARSET=utf8mb4 COLLATE=utf8mb4_unicode_ci;

--
-- Déchargement des données de la table `modele_type`
--

INSERT INTO `modele_type` (`modele_id`, `type_id`) VALUES
(1, 1),
(2, 1),
(11, 1);

-- --------------------------------------------------------

--
-- Structure de la table `mount`
--

DROP TABLE IF EXISTS `mount`;
CREATE TABLE IF NOT EXISTS `mount` (
  `id` int NOT NULL AUTO_INCREMENT,
  `name` varchar(255) COLLATE utf8mb4_unicode_ci NOT NULL,
  PRIMARY KEY (`id`)
) ENGINE=InnoDB AUTO_INCREMENT=13 DEFAULT CHARSET=utf8mb4 COLLATE=utf8mb4_unicode_ci;

--
-- Déchargement des données de la table `mount`
--

INSERT INTO `mount` (`id`, `name`) VALUES
(1, 'D'),
(2, 'Bolex Bajonet'),
(3, 'Aaton Universal'),
(4, 'Arri Standard'),
(5, 'Arri Bajonet'),
(6, 'Arri PL'),
(7, 'Arri LPL'),
(8, 'Arri Maxi PL'),
(9, 'Panavision PV'),
(10, 'Mitchell BNCR'),
(11, 'CS'),
(12, 'C');

-- --------------------------------------------------------

--
-- Structure de la table `pays`
--

DROP TABLE IF EXISTS `pays`;
CREATE TABLE IF NOT EXISTS `pays` (
  `id` int NOT NULL AUTO_INCREMENT,
  `name` varchar(40) COLLATE utf8mb4_unicode_ci NOT NULL,
  PRIMARY KEY (`id`)
) ENGINE=InnoDB AUTO_INCREMENT=242 DEFAULT CHARSET=utf8mb4 COLLATE=utf8mb4_unicode_ci;

--
-- Déchargement des données de la table `pays`
--

INSERT INTO `pays` (`id`, `name`) VALUES
(1, 'Afghanistan'),
(2, 'Albanie'),
(3, 'Antarctique'),
(4, 'Algérie'),
(5, 'Samoa Américaines'),
(6, 'Andorre'),
(7, 'Angola'),
(8, 'Antigua-et-Barbuda'),
(9, 'Azerbaïdjan'),
(10, 'Argentine'),
(11, 'Australie'),
(12, 'Autriche'),
(13, 'Bahamas'),
(14, 'Bahreïn'),
(15, 'Bangladesh'),
(16, 'Arménie'),
(17, 'Barbade'),
(18, 'Belgique'),
(19, 'Bermudes'),
(20, 'Bhoutan'),
(21, 'Bolivie'),
(22, 'Bosnie-Herzégovine'),
(23, 'Botswana'),
(24, 'Île Bouvet'),
(25, 'Brésil'),
(26, 'Belize'),
(27, 'Territoire Britannique de l\'Océan Indien'),
(28, 'Îles Salomon'),
(29, 'Îles Vierges Britanniques'),
(30, 'Brunéi Darussalam'),
(31, 'Bulgarie'),
(32, 'Myanmar'),
(33, 'Burundi'),
(34, 'Bélarus'),
(35, 'Cambodge'),
(36, 'Cameroun'),
(37, 'Canada'),
(38, 'Cap-vert'),
(39, 'Îles Caïmanes'),
(40, 'République Centrafricaine'),
(41, 'Sri Lanka'),
(42, 'Tchad'),
(43, 'Chili'),
(44, 'Chine'),
(45, 'Taïwan'),
(46, 'Île Christmas'),
(47, 'Îles Cocos (Keeling)'),
(48, 'Colombie'),
(49, 'Comores'),
(50, 'Mayotte'),
(51, 'République du Congo'),
(52, 'République Démocratique du Congo'),
(53, 'Îles Cook'),
(54, 'Costa Rica'),
(55, 'Croatie'),
(56, 'Cuba'),
(57, 'Chypre'),
(58, 'République Tchèque'),
(59, 'Bénin'),
(60, 'Danemark'),
(61, 'Dominique'),
(62, 'République Dominicaine'),
(63, 'Équateur'),
(64, 'El Salvador'),
(65, 'Guinée Équatoriale'),
(66, 'Éthiopie'),
(67, 'Érythrée'),
(68, 'Estonie'),
(69, 'Îles Féroé'),
(70, 'Îles (malvinas) Falkland'),
(71, 'Géorgie du Sud et les Îles Sandwich du S'),
(72, 'Fidji'),
(73, 'Finlande'),
(74, 'Îles Åland'),
(75, 'France'),
(76, 'Guyane Française'),
(77, 'Polynésie Française'),
(78, 'Terres Australes Françaises'),
(79, 'Djibouti'),
(80, 'Gabon'),
(81, 'Géorgie'),
(82, 'Gambie'),
(83, 'Territoire Palestinien Occupé'),
(84, 'Allemagne'),
(85, 'Ghana'),
(86, 'Gibraltar'),
(87, 'Kiribati'),
(88, 'Grèce'),
(89, 'Groenland'),
(90, 'Grenade'),
(91, 'Guadeloupe'),
(92, 'Guam'),
(93, 'Guatemala'),
(94, 'Guinée'),
(95, 'Guyana'),
(96, 'Haïti'),
(97, 'Îles Heard et Mcdonald'),
(98, 'Saint-Siège (état de la Cité du Vatican)'),
(99, 'Honduras'),
(100, 'Hong-Kong'),
(101, 'Hongrie'),
(102, 'Islande'),
(103, 'Inde'),
(104, 'Indonésie'),
(105, 'République Islamique d\'Iran'),
(106, 'Iraq'),
(107, 'Irlande'),
(108, 'Israël'),
(109, 'Italie'),
(110, 'Côte d\'Ivoire'),
(111, 'Jamaïque'),
(112, 'Japon'),
(113, 'Kazakhstan'),
(114, 'Jordanie'),
(115, 'Kenya'),
(116, 'République Populaire Démocratique de Cor'),
(117, 'République de Corée'),
(118, 'Koweït'),
(119, 'Kirghizistan'),
(120, 'République Démocratique Populaire Lao'),
(121, 'Liban'),
(122, 'Lesotho'),
(123, 'Lettonie'),
(124, 'Libéria'),
(125, 'Jamahiriya Arabe Libyenne'),
(126, 'Liechtenstein'),
(127, 'Lituanie'),
(128, 'Luxembourg'),
(129, 'Macao'),
(130, 'Madagascar'),
(131, 'Malawi'),
(132, 'Malaisie'),
(133, 'Maldives'),
(134, 'Mali'),
(135, 'Malte'),
(136, 'Martinique'),
(137, 'Mauritanie'),
(138, 'Maurice'),
(139, 'Mexique'),
(140, 'Monaco'),
(141, 'Mongolie'),
(142, 'République de Moldova'),
(143, 'Montserrat'),
(144, 'Maroc'),
(145, 'Mozambique'),
(146, 'Oman'),
(147, 'Namibie'),
(148, 'Nauru'),
(149, 'Népal'),
(150, 'Pays-Bas'),
(151, 'Antilles Néerlandaises'),
(152, 'Aruba'),
(153, 'Nouvelle-Calédonie'),
(154, 'Vanuatu'),
(155, 'Nouvelle-Zélande'),
(156, 'Nicaragua'),
(157, 'Niger'),
(158, 'Nigéria'),
(159, 'Niué'),
(160, 'Île Norfolk'),
(161, 'Norvège'),
(162, 'Îles Mariannes du Nord'),
(163, 'Îles Mineures Éloignées des États-Unis'),
(164, 'États Fédérés de Micronésie'),
(165, 'Îles Marshall'),
(166, 'Palaos'),
(167, 'Pakistan'),
(168, 'Panama'),
(169, 'Papouasie-Nouvelle-Guinée'),
(170, 'Paraguay'),
(171, 'Pérou'),
(172, 'Philippines'),
(173, 'Pitcairn'),
(174, 'Pologne'),
(175, 'Portugal'),
(176, 'Guinée-Bissau'),
(177, 'Timor-Leste'),
(178, 'Porto Rico'),
(179, 'Qatar'),
(180, 'Réunion'),
(181, 'Roumanie'),
(182, 'Fédération de Russie'),
(183, 'Rwanda'),
(184, 'Sainte-Hélène'),
(185, 'Saint-Kitts-et-Nevis'),
(186, 'Anguilla'),
(187, 'Sainte-Lucie'),
(188, 'Saint-Pierre-et-Miquelon'),
(189, 'Saint-Vincent-et-les Grenadines'),
(190, 'Saint-Marin'),
(191, 'Sao Tomé-et-Principe'),
(192, 'Arabie Saoudite'),
(193, 'Sénégal'),
(194, 'Seychelles'),
(195, 'Sierra Leone'),
(196, 'Singapour'),
(197, 'Slovaquie'),
(198, 'Viet Nam'),
(199, 'Slovénie'),
(200, 'Somalie'),
(201, 'Afrique du Sud'),
(202, 'Zimbabwe'),
(203, 'Espagne'),
(204, 'Sahara Occidental'),
(205, 'Soudan'),
(206, 'Suriname'),
(207, 'Svalbard etÎle Jan Mayen'),
(208, 'Swaziland'),
(209, 'Suède'),
(210, 'Suisse'),
(211, 'République Arabe Syrienne'),
(212, 'Tadjikistan'),
(213, 'Thaïlande'),
(214, 'Togo'),
(215, 'Tokelau'),
(216, 'Tonga'),
(217, 'Trinité-et-Tobago'),
(218, 'Émirats Arabes Unis'),
(219, 'Tunisie'),
(220, 'Turquie'),
(221, 'Turkménistan'),
(222, 'Îles Turks et Caïques'),
(223, 'Tuvalu'),
(224, 'Ouganda'),
(225, 'Ukraine'),
(226, 'L\'ex-République Yougoslave de Macédoine'),
(227, 'Égypte'),
(228, 'Royaume-Uni'),
(229, 'Île de Man'),
(230, 'République-Unie de Tanzanie'),
(231, 'États-Unis'),
(232, 'Îles Vierges des États-Unis'),
(233, 'Burkina Faso'),
(234, 'Uruguay'),
(235, 'Ouzbékistan'),
(236, 'Venezuela'),
(237, 'Wallis et Futuna'),
(238, 'Samoa'),
(239, 'Yémen'),
(240, 'Serbie-et-Monténégro'),
(241, 'Zambie');

-- --------------------------------------------------------

--
-- Structure de la table `reset_password_request`
--

DROP TABLE IF EXISTS `reset_password_request`;
CREATE TABLE IF NOT EXISTS `reset_password_request` (
  `id` int NOT NULL AUTO_INCREMENT,
  `user_id` int NOT NULL,
  `selector` varchar(20) COLLATE utf8mb4_unicode_ci NOT NULL,
  `hashed_token` varchar(100) COLLATE utf8mb4_unicode_ci NOT NULL,
  `requested_at` datetime NOT NULL COMMENT '(DC2Type:datetime_immutable)',
  `expires_at` datetime NOT NULL COMMENT '(DC2Type:datetime_immutable)',
  PRIMARY KEY (`id`),
  KEY `IDX_7CE748AA76ED395` (`user_id`)
) ENGINE=InnoDB AUTO_INCREMENT=10 DEFAULT CHARSET=utf8mb4 COLLATE=utf8mb4_unicode_ci;

--
-- Déchargement des données de la table `reset_password_request`
--

INSERT INTO `reset_password_request` (`id`, `user_id`, `selector`, `hashed_token`, `requested_at`, `expires_at`) VALUES
(1, 3, 'SaQbmvV9R2bJgSxLKpdC', 'XHqhOH6GTz1gkJe1b3gFb5AP7DACJv1M6z1xBoPxnUg=', '2021-03-16 17:27:23', '2021-03-16 18:27:23');

-- --------------------------------------------------------

--
-- Structure de la table `shutter`
--

DROP TABLE IF EXISTS `shutter`;
CREATE TABLE IF NOT EXISTS `shutter` (
  `id` int NOT NULL AUTO_INCREMENT,
  `angle` varchar(255) COLLATE utf8mb4_unicode_ci NOT NULL,
  PRIMARY KEY (`id`)
) ENGINE=InnoDB AUTO_INCREMENT=6 DEFAULT CHARSET=utf8mb4 COLLATE=utf8mb4_unicode_ci;

--
-- Déchargement des données de la table `shutter`
--

INSERT INTO `shutter` (`id`, `angle`) VALUES
(1, '15'),
(2, '45'),
(3, '90'),
(4, '173'),
(5, '180');

-- --------------------------------------------------------

--
-- Structure de la table `type`
--

DROP TABLE IF EXISTS `type`;
CREATE TABLE IF NOT EXISTS `type` (
  `id` int NOT NULL AUTO_INCREMENT,
  `name` varchar(255) COLLATE utf8mb4_unicode_ci NOT NULL,
  PRIMARY KEY (`id`)
) ENGINE=InnoDB AUTO_INCREMENT=3 DEFAULT CHARSET=utf8mb4 COLLATE=utf8mb4_unicode_ci;

--
-- Déchargement des données de la table `type`
--

INSERT INTO `type` (`id`, `name`) VALUES
(1, 'Argentique'),
(2, 'Numérique');

-- --------------------------------------------------------

--
-- Structure de la table `users`
--

DROP TABLE IF EXISTS `users`;
CREATE TABLE IF NOT EXISTS `users` (
  `id` int NOT NULL AUTO_INCREMENT,
  `name` varchar(255) COLLATE utf8mb4_unicode_ci NOT NULL,
  `email` varchar(255) COLLATE utf8mb4_unicode_ci NOT NULL,
  `password` varchar(255) COLLATE utf8mb4_unicode_ci NOT NULL,
  `roles` varchar(255) CHARACTER SET utf8mb4 COLLATE utf8mb4_unicode_ci NOT NULL,
  `created_at` datetime NOT NULL,
  `updated_at` datetime NOT NULL,
  `is_verified` tinyint(1) NOT NULL,
  PRIMARY KEY (`id`),
  UNIQUE KEY `UNIQ_1483A5E9E7927C74` (`email`)
) ENGINE=InnoDB AUTO_INCREMENT=8 DEFAULT CHARSET=utf8mb4 COLLATE=utf8mb4_unicode_ci;

--
-- Déchargement des données de la table `users`
--

INSERT INTO `users` (`id`, `name`, `email`, `password`, `roles`, `created_at`, `updated_at`, `is_verified`) VALUES
(1, 'John Doe', 'johndoe@example.com', '$argon2id$v=19$m=65536,t=4,p=1$aW9hL2RaLm9HbGtXaTV5aw$cw++zcPBRV0aSEqr+GIG660gDOvFO6NyeN4mARa2QMc', '', '0000-00-00 00:00:00', '2021-03-17 18:53:25', 0),
(2, 'Yann', 'yann@example.com', '$argon2id$v=19$m=65536,t=4,p=1$NFpCbFpuUFdlcTZTQmdjTg$nkdz/surjnZ3qdC1B+JJ6vC7dMSIC4Qe+UFo7F2+eLM', '', '0000-00-00 00:00:00', '0000-00-00 00:00:00', 0),
(3, 'Yann', 'yanngendreau@gmail.com', '$argon2id$v=19$m=65536,t=4,p=1$SjNpcWgxckRkN2NqWi9lTQ$ZReTVoj38c53VLe73aWRfL+syG+eWPlPoB/mQ+QysgM', '[\"ROLE_ADMIN\"]', '0000-00-00 00:00:00', '0000-00-00 00:00:00', 0),
(4, 'OuiOui', 'oui@non.com', '$argon2id$v=19$m=65536,t=4,p=1$SFhLS0NvWnlXaXBZL1lyeQ$g9p5Oz9tX/l7GuU7GxaBLtPfD24Ef6FxDJHTLExDtp4', '[]', '0000-00-00 00:00:00', '0000-00-00 00:00:00', 0),
(5, 'admin', 'admin@admin.com', '$argon2id$v=19$m=65536,t=4,p=1$L1hPQlVJeXFaaDV4R0E0aw$VZBsA+hV+u8pWhHj0aRNS9zMfEZRFYA385dfjBLPnYI', '[\"ROLE_ADMIN\"]', '0000-00-00 00:00:00', '0000-00-00 00:00:00', 0),
(6, 'Test', 'test@test.com', '$argon2id$v=19$m=65536,t=4,p=1$R3Jway9uYmFuVGIxS0E0dg$y+Cd7E0UsTJXL1PxxquaFj32+LpFYDUz8wkw+b2CN/U', '[]', '2021-03-15 15:58:12', '2021-03-17 14:25:51', 0),
(7, 'Geraldine', 'geraldine.naliato@hotmail.fr', '$argon2id$v=19$m=65536,t=4,p=1$QUxRaXpQM2gzMlQvaHhueQ$Ei1GyXlXC9VI6QD7yosYmPN4yJYXSJO7UfORpsyzSNQ', '[]', '2021-03-23 17:37:49', '2021-03-23 17:37:49', 0);

--
-- Index pour les tables déchargées
--

--
-- Index pour la table `film`
--
ALTER TABLE `film` ADD FULLTEXT KEY `IDX_8244BE222B36786B` (`title`);

--
-- Index pour la table `marque`
--
ALTER TABLE `marque` ADD FULLTEXT KEY `IDX_5A6F91CE5E237E06` (`name`);

--
-- Index pour la table `modele`
--
ALTER TABLE `modele` ADD FULLTEXT KEY `IDX_100285585E237E06` (`name`);

--
-- Contraintes pour les tables déchargées
--

--
-- Contraintes pour la table `camera`
--
ALTER TABLE `camera`
  ADD CONSTRAINT `FK_3B1CEE054827B9B2` FOREIGN KEY (`marque_id`) REFERENCES `marque` (`id`),
  ADD CONSTRAINT `FK_3B1CEE05AC14B70A` FOREIGN KEY (`modele_id`) REFERENCES `modele` (`id`);

--
-- Contraintes pour la table `film`
--
ALTER TABLE `film`
  ADD CONSTRAINT `FK_8244BE22A76ED395` FOREIGN KEY (`user_id`) REFERENCES `users` (`id`);

--
-- Contraintes pour la table `film_camera`
--
ALTER TABLE `film_camera`
  ADD CONSTRAINT `FK_50EED30F567F5183` FOREIGN KEY (`film_id`) REFERENCES `film` (`id`) ON DELETE CASCADE,
  ADD CONSTRAINT `FK_50EED30FB47685CD` FOREIGN KEY (`camera_id`) REFERENCES `camera` (`id`) ON DELETE CASCADE;

--
-- Contraintes pour la table `film_director`
--
ALTER TABLE `film_director`
  ADD CONSTRAINT `FK_BC171C99899FB366` FOREIGN KEY (`director_id`) REFERENCES `director` (`id`) ON DELETE CASCADE;

--
-- Contraintes pour la table `film_dirphoto`
--
ALTER TABLE `film_dirphoto`
  ADD CONSTRAINT `FK_195568B86391035A` FOREIGN KEY (`dirphoto_id`) REFERENCES `dirphoto` (`id`) ON DELETE CASCADE;

--
-- Contraintes pour la table `film_genre`
--
ALTER TABLE `film_genre`
  ADD CONSTRAINT `FK_1A3CCDA84296D31F` FOREIGN KEY (`genre_id`) REFERENCES `genre` (`id`) ON DELETE CASCADE;

--
-- Contraintes pour la table `film_marque`
--
ALTER TABLE `film_marque`
  ADD CONSTRAINT `FK_319DACC44827B9B2` FOREIGN KEY (`marque_id`) REFERENCES `marque` (`id`) ON DELETE CASCADE;

--
-- Contraintes pour la table `film_modele`
--
ALTER TABLE `film_modele`
  ADD CONSTRAINT `FK_7BF0B852AC14B70A` FOREIGN KEY (`modele_id`) REFERENCES `modele` (`id`) ON DELETE CASCADE;

--
-- Contraintes pour la table `film_pays`
--
ALTER TABLE `film_pays`
  ADD CONSTRAINT `FK_5130D6AD567F5183` FOREIGN KEY (`film_id`) REFERENCES `film` (`id`) ON DELETE CASCADE,
  ADD CONSTRAINT `FK_5130D6ADA6E44244` FOREIGN KEY (`pays_id`) REFERENCES `pays` (`id`) ON DELETE CASCADE;

--
-- Contraintes pour la table `modele`
--
ALTER TABLE `modele`
  ADD CONSTRAINT `FK_100285584827B9B2` FOREIGN KEY (`marque_id`) REFERENCES `marque` (`id`);

--
-- Contraintes pour la table `modele_format`
--
ALTER TABLE `modele_format`
  ADD CONSTRAINT `FK_5317B318AC14B70A` FOREIGN KEY (`modele_id`) REFERENCES `modele` (`id`) ON DELETE CASCADE,
  ADD CONSTRAINT `FK_5317B318D629F605` FOREIGN KEY (`format_id`) REFERENCES `format` (`id`) ON DELETE CASCADE;

--
-- Contraintes pour la table `modele_mount`
--
ALTER TABLE `modele_mount`
  ADD CONSTRAINT `FK_9F25C81C538228B8` FOREIGN KEY (`mount_id`) REFERENCES `mount` (`id`) ON DELETE CASCADE,
  ADD CONSTRAINT `FK_9F25C81CAC14B70A` FOREIGN KEY (`modele_id`) REFERENCES `modele` (`id`) ON DELETE CASCADE;

--
-- Contraintes pour la table `modele_shutter`
--
ALTER TABLE `modele_shutter`
  ADD CONSTRAINT `FK_81D075277C8FDD42` FOREIGN KEY (`shutter_id`) REFERENCES `shutter` (`id`) ON DELETE CASCADE,
  ADD CONSTRAINT `FK_81D07527AC14B70A` FOREIGN KEY (`modele_id`) REFERENCES `modele` (`id`) ON DELETE CASCADE;

--
-- Contraintes pour la table `modele_type`
--
ALTER TABLE `modele_type`
  ADD CONSTRAINT `FK_4A59230EAC14B70A` FOREIGN KEY (`modele_id`) REFERENCES `modele` (`id`) ON DELETE CASCADE,
  ADD CONSTRAINT `FK_4A59230EC54C8C93` FOREIGN KEY (`type_id`) REFERENCES `type` (`id`) ON DELETE CASCADE;

--
-- Contraintes pour la table `reset_password_request`
--
ALTER TABLE `reset_password_request`
  ADD CONSTRAINT `FK_7CE748AA76ED395` FOREIGN KEY (`user_id`) REFERENCES `users` (`id`);
COMMIT;

/*!40101 SET CHARACTER_SET_CLIENT=@OLD_CHARACTER_SET_CLIENT */;
/*!40101 SET CHARACTER_SET_RESULTS=@OLD_CHARACTER_SET_RESULTS */;
/*!40101 SET COLLATION_CONNECTION=@OLD_COLLATION_CONNECTION */;